dLoss,AverageDiscountedReturn,Iteration,Perplexity,MaxReturn,EnvExecTime,IRLLoss,AveragePolicyStd,AbsLearnSignal,ExplainedVariance,ItrTime,MeanKL,ProcessExecTime,MinReturn,MeanKLBefore,LossBefore,LossAfter,AverageReturn,Time,NumTrajs,OriginalTaskAverageReturn,StdReturn,PolicyExecTime,Entropy
0.023119269,-169.26868850997508,0,17.07946,-63.8798633813858,208.47370028495789,0.65412635,1.0,0.9230319177310227,3.7914116290949096e-13,215.6418159008026,0.009306158,0.0219266414642334,-1468.6942690610886,0.0,5.710625e-09,-0.023119263,-429.8905072559913,215.64181542396545,9,8.19063516944298,528.6206915505808,1.1081950664520264,2.8378766
0.028188638,-174.48180087730776,1,16.92766,-72.2332518696785,236.2362356185913,0.2514905,0.99558026,0.674869791836535,-0.29224258759698474,242.47068119049072,0.008577506,0.02298259735107422,-1507.5803372859955,0.0,5.5232103e-09,-0.028188633,-327.1334726927587,458.1162796020508,13,8.46868257728516,359.5312109780468,1.024958610534668,2.828949
0.02055053,-526.8997271437705,2,16.949993,-271.9064600840211,193.4699912071228,0.11458993,0.99623734,0.8553707846322071,0.3251551096164039,199.71420097351074,0.009500011,0.022757768630981445,-3434.604133784771,0.0,7.3856676e-09,-0.020550523,-1750.2491434827448,657.8345859050751,5,17.976657235948046,1347.2493059535504,0.9765548706054688,2.8302674
0.006879102,-355.5384853612294,3,16.658443,-149.42272090911865,213.7602138519287,0.07189946,0.9878305,0.8388993202885942,-0.6240224937184122,219.9597306251526,0.007103074,0.02247786521911621,-3622.127006292343,0.0,4.72116e-09,-0.0068790973,-911.8619077920914,877.798098564148,10,7.433059344135953,1199.2912168419286,0.9956574440002441,2.8129172
0.021304054,-506.3116268693907,4,16.622488,-330.9290209412575,206.18762755393982,0.09065999,0.9867022,0.7804623982207491,-3.6140150586545445,212.42542028427124,0.007825902,0.024082660675048828,-3298.061807692051,0.0,6.9232255e-09,-0.021304047,-1576.595830236872,1090.2275755405426,6,15.329663569656832,1221.8147084354314,1.0486993789672852,2.8107564
0.019365488,-376.2571582744953,5,16.608416,-186.18640768527985,232.03467082977295,0.334639,0.9862938,0.8667901283451236,-6.378635925894555,238.4017357826233,0.006564463,0.024700403213500977,-3934.8334372341633,0.0,5.2592335e-09,-0.019365482,-808.0657786986452,1328.633320093155,11,13.80018524927014,1021.258631614134,1.0485148429870605,2.8099096
0.022658426,-500.46366927589344,6,16.665117,-8.526895701885223,208.81034755706787,0.09849442,0.98798674,0.8482556260601606,-0.970662701611793,215.02128386497498,0.009227358,0.022942781448364258,-4322.763448238373,0.0,-9.349749e-10,-0.022658428,-1140.2938239522691,1543.6583797931671,9,11.105918194430487,1214.1059480115678,0.97304368019104,2.8133178
0.016386436,-400.1212077783918,7,16.09657,-181.59058651328087,240.02468037605286,0.14140485,0.9715318,0.7841845808478317,-10.623835557592454,246.39159107208252,0.009064581,0.027016878128051758,-3150.755993247032,0.0,-7.722059e-09,-0.016386444,-1199.6045062055346,1790.056006193161,8,17.323583877899885,1142.6578530488039,1.167027473449707,2.7786062
0.027526628,-804.2384645227849,8,15.60758,-229.3695323355496,209.3524580001831,0.096089944,0.95638955,0.7708763654366197,0.08403262487109231,215.6505651473999,0.0053911526,0.02415776252746582,-5152.938192129135,0.0,-0.0,-0.027526628,-2626.592668496693,2005.7110438346863,6,15.362631751120185,2142.404541825313,1.0584685802459717,2.7477567
0.014946308,-642.1249967648579,9,15.694154,-664.9571245238185,192.75018858909607,0.09702857,0.9591277,0.8250973025902151,-2.292255170483518,198.97099232673645,0.007022164,0.022594928741455078,-5116.330571427941,0.0,7.3713955e-09,-0.014946301,-1970.9776934095657,2204.689387321472,5,26.462390747810087,1627.623917313771,0.97117018699646,2.7532883
0.018633245,-470.37283129715274,10,15.622003,-367.2073965668678,235.50364589691162,0.09543634,0.9569545,0.8551164533060529,-0.056139789275256646,241.76533961296082,0.009219168,0.023415088653564453,-5033.66900524497,0.0,3.6434549e-09,-0.01863324,-930.0784293599427,2446.4616899490356,13,8.12045078063123,1198.6335947164187,1.0561892986297607,2.7486804
0.025780305,-559.252730570188,11,15.536705,-320.020802333951,213.36100244522095,0.11338732,0.95408386,0.7463325173061548,0.48108128578831866,219.5805938243866,0.009709975,0.022468090057373047,-5049.938256770372,0.0,1.3728517e-08,-0.025780292,-1475.2287442822837,2666.046909093857,9,10.076247248759046,1821.40944550538,1.019744634628296,2.7432053
0.014982102,-562.1440974130629,12,15.179606,-185.56541314232163,230.4232316017151,0.09365,0.9428414,0.8467951581176246,-1.7542786226895855,236.65552592277527,0.0072064754,0.023359298706054688,-5196.463631749153,0.0,-1.0961774e-08,-0.014982114,-1102.7024857728393,2902.7091450691223,12,8.562073785498185,1256.9090016262626,1.021648645401001,2.7199528
0.018585967,-728.3833765910703,13,15.142808,-139.00996177643538,209.36990451812744,0.12107252,0.94162136,0.718136152851411,-0.12350626408467336,215.66234922409058,0.007650858,0.023924589157104492,-5093.681756079197,0.0,7.0577193e-09,-0.01858596,-2171.9678376016673,3118.375618457794,6,37.87996529095317,2085.198824342216,1.0800933837890625,2.7175257
0.01969186,-880.287870198983,14,15.070411,-304.6496692225337,239.96518683433533,0.059060525,0.9393462,0.8011157711445092,0.07048492605062884,246.37347388267517,0.00893873,0.02693772315979004,-5278.808117032051,0.0,-1.5357075e-09,-0.019691862,-2445.690120520536,3364.7533342838287,8,13.712830127753582,2172.1437523974064,1.1905951499938965,2.7127333
0.02340759,-532.0575342068844,15,15.438882,-243.36855168640614,251.88571739196777,0.11510658,0.95077074,0.7219442697662533,-8.482502784633374,258.2489290237427,0.009777834,0.023718595504760742,-1070.4411417245865,0.0,1.4463307e-08,-0.023407575,-791.9262203951948,3623.0080935955048,16,7.551050684671248,237.97165311565382,1.0650298595428467,2.7368891
0.014030985,-656.2732518867208,16,15.747268,-273.28970354795456,214.0436418056488,0.07648258,0.96026796,0.7717384777382266,-784.5755192678298,220.32714653015137,0.0066696582,0.02270364761352539,-5107.101118028164,0.0,-9.117345e-09,-0.014030994,-1582.0409671079058,3843.3399772644043,9,13.473795044040864,1630.9129124027368,1.0250053405761719,2.756667
0.013042666,-1055.920034718126,17,15.286192,-944.1234186142683,230.55207347869873,0.04122787,0.9461855,0.8039535004917076,0.08969843507537445,237.0050709247589,0.007395817,0.026721954345703125,-5272.4777491390705,0.0,-6.0598846e-09,-0.013042673,-3391.7215985607354,4080.349998474121,5,39.79308082866342,1813.7362826969577,1.2348089218139648,2.72695
0.021561794,-835.6164941257638,18,15.113665,-736.354561526794,227.7350733280182,0.046459783,0.94073606,0.6823696165393494,-0.03071476791143679,234.13770413398743,0.009400079,0.024855852127075195,-5302.697757363319,0.0,6.5041728e-09,-0.021561788,-2009.6944554999604,4314.491809129715,7,30.915959274070666,1521.2676102001046,1.1736083030700684,2.7155993
0.019001653,-1047.9768637732095,19,15.956883,-504.93693363666534,205.78276419639587,0.018328568,0.96681553,0.6813369771730564,-0.6126524572000982,212.10736107826233,0.009560178,0.02327704429626465,-5357.761722803116,0.0,4.7640407e-09,-0.019001648,-3045.9884758790336,4526.605297327042,6,14.846755216521865,2211.79293816104,1.0457355976104736,2.7698903
0.026550371,-679.3287905771576,20,16.163515,-67.21878624334931,216.50737404823303,0.111540206,0.97377837,0.6819481180708261,-3.091230434826919,222.732337474823,0.006014284,0.022760391235351562,-5358.291669368744,0.0,-1.08372085e-08,-0.026550382,-1529.088191906404,4749.344706058502,9,14.965001106922081,1521.1186860438997,1.0300359725952148,2.7827566
0.02533843,-1110.831896280148,21,16.15939,-518.6134897591546,193.3579363822937,0.048797354,0.9736673,0.8187703663822214,0.32109703143549384,199.47235584259033,0.0072991555,0.022510766983032227,-5280.085792809725,0.0,3.6928338e-09,-0.025338426,-3450.5033777380363,4948.82253074646,5,19.412761748728965,2204.549973324932,0.9584953784942627,2.7825012
0.02089181,-436.9589954235369,22,16.305159,-147.26119649678003,227.66297698020935,0.18956709,0.97778076,0.8226602530309731,-87.81184226355933,233.91043615341187,0.008710593,0.023749589920043945,-2786.8445856985636,0.0,7.0252253e-09,-0.020891802,-924.134881232673,5182.736684083939,10,20.694283073229833,733.6810697709802,1.057549238204956,2.7914815
0.024993546,-999.4638486613737,23,15.963752,-278.8888317346573,186.83704829216003,0.06703673,0.9682525,0.7467306747359365,0.19636344416549079,192.9990417957306,0.00663553,0.02218914031982422,-5352.093957543373,0.0,-1.8810145e-08,-0.024993565,-3281.6496244650334,5375.740231752396,5,16.824546099908996,2430.88629390797,0.9618804454803467,2.7703207
0.020489559,-977.3482834850153,24,16.351812,-319.1530550122261,184.91036248207092,0.049228057,0.9807372,0.858388610321288,-1.4717926019566545,191.1009259223938,0.009655428,0.021434783935546875,-5271.772883892059,0.0,1.4177517e-09,-0.020489557,-3246.973836841434,5566.844919681549,5,17.166121796594844,2306.052244316833,0.9595448970794678,2.7943387
0.021573383,-607.4830395747715,25,16.76776,-107.41023961920291,246.40587663650513,0.09976565,0.9932257,0.857842872862233,-13.050982960472073,252.8005862236023,0.009275704,0.02584552764892578,-5366.966605365276,0.0,6.4655885e-09,-0.021573378,-1266.5210367307407,5819.649387121201,11,19.468208022734224,1385.758801562927,1.167405605316162,2.819458
0.020849051,-711.7236991922645,26,16.868578,-475.22914983332157,211.91754817962646,0.15883754,0.99719214,0.8732610420985073,-0.3021646610351476,218.21502542495728,0.007681311,0.024137496948242188,-5065.8321990296245,0.0,-0.0,-0.020849051,-2147.344135956863,6037.86846113205,6,49.009143976776244,1864.0734756779957,1.0940752029418945,2.8254526
0.0354327,-977.5957523113535,27,15.967737,-31.054142937035067,187.24579882621765,0.14194398,0.9694811,0.7081973111841063,-0.08328808732497262,193.35270285606384,0.009246949,0.021464109420776367,-5360.944081068039,0.0,7.501863e-09,-0.035432693,-3266.4944110793936,6231.225389957428,5,18.326783366424156,2275.734475037011,0.9474596977233887,2.7705703
0.015612357,-705.6673177186155,28,15.772522,-404.63879358721897,241.66591835021973,0.08115377,0.9646556,0.6301686597038786,-9.597105470263623,248.06523060798645,0.006736542,0.02543354034423828,-5281.968271017075,0.0,1.6232754e-08,-0.015612341,-1587.1550364532848,6479.294684410095,11,10.591302148291946,1701.7005923080073,1.1352803707122803,2.7582693
0.017541543,-973.592375377342,29,16.007772,-665.7898595873266,188.00900411605835,0.056705832,0.97104335,0.8036935005151197,-2.108632708417336,194.1035885810852,0.0066515086,0.02231621742248535,-5288.680242300034,0.0,3.7216559e-09,-0.017541539,-3069.601502552547,6673.402213811874,5,18.9626498498539,1879.6567354748108,0.9677567481994629,2.7730744
0.018940456,-818.1324184016454,30,15.12396,-505.35131072998047,248.86616158485413,0.054367665,0.9445179,0.9027426526358865,-2.1332284408266213,255.26995372772217,0.008909686,0.027815818786621094,-5280.387981414795,0.0,-5.9979515e-09,-0.018940462,-1995.410632747743,6928.6768181324005,9,16.654843137612726,1749.6619512239397,1.206634759902954,2.7162802
0.024829565,-760.3857179097341,31,15.082931,-283.6706911090296,216.05552053451538,0.088968344,0.9445529,0.8143864736407458,-0.12646613610125712,222.29740166664124,0.006692865,0.023514509201049805,-5327.358558416367,0.0,1.0745626e-08,-0.024829553,-1794.231252962387,7150.978548526764,9,10.428744957585966,1880.4817091949965,1.0384056568145752,2.7135637
0.019032987,-850.60113033076,32,14.903371,-357.54350727796555,215.42407631874084,0.03340168,0.9390186,0.9023474532286807,-0.870783365403742,221.64369368553162,0.009723558,0.023255109786987305,-5390.242151498795,0.0,-8.996928e-09,-0.019032996,-1910.0039589607882,7372.626109361649,9,10.654556119750785,1851.5376768152382,1.0408766269683838,2.7015874
0.013933427,-982.7442371059827,33,13.992803,-429.87827092781663,204.8858757019043,0.035570603,0.91050696,0.8826440143134805,-0.526501729363086,211.19064903259277,0.0071080285,0.02381134033203125,-5337.888377130032,0.0,5.20186e-09,-0.013933421,-2970.30157703363,7583.821661472321,6,13.345989761152518,2305.054260136525,1.0620226860046387,2.6385431
0.009055661,-982.8161594277419,34,13.5278225,-761.3452333211899,215.20610761642456,0.02483906,0.8951144,0.8164711309959516,-1.4847386645317808,221.4444444179535,0.009015131,0.024525165557861328,-5353.685395717621,0.0,-0.0,-0.009055661,-2723.876907929246,7805.269850969315,7,11.518240821185591,2212.9521650183306,1.0858409404754639,2.6047485
0.025349118,-758.4707308706619,35,13.059025,-756.4568741321564,210.69643259048462,0.07366101,0.87880284,0.859646364876482,-0.757165873438272,216.98019695281982,0.005954471,0.022878646850585938,-5236.167121767998,0.0,1.1078502e-08,-0.025349107,-1775.2651803318618,8022.254781246185,9,11.585701354675798,1745.0858997396638,1.0091009140014648,2.5694795
0.01794623,-911.298992005041,36,12.824883,-337.06660109758377,207.59265422821045,0.062360927,0.87125283,0.8450808970376679,-2.2837743626116622,213.85791563987732,0.007367402,0.022709369659423828,-5383.420371294022,0.0,-7.11034e-09,-0.017946238,-2451.871289903453,8236.118046760559,6,37.9170273279693,1829.1482484151475,1.047983169555664,2.5513873
0.012171507,-1187.5024029481897,37,12.633478,-715.8768252916634,189.16047286987305,0.03151567,0.86541975,0.9239687207601088,-2.9574712987654252,195.33075213432312,0.006092267,0.0222320556640625,-5359.763867974281,0.0,9.934108e-09,-0.012171497,-3555.315981218219,8431.454778909683,5,14.232739922493852,2147.8872467288115,0.9846293926239014,2.5363503
0.009792168,-927.8091651347526,38,12.676113,-753.021948069334,207.63604974746704,0.035297077,0.86698294,0.7966887389605108,-11.24101026614224,213.91685581207275,0.0087251095,0.023410797119140625,-5353.0227328538895,0.0,1.7611714e-09,-0.009792166,-2544.5712730505816,8645.375941514969,6,32.450639019923976,2032.5058195782576,1.0605406761169434,2.5397193
0.023483982,-1039.0958525877502,39,12.737057,-857.5958674889989,203.95792412757874,0.03982426,0.869751,0.7942471775521951,-1.6856001884735283,210.12204718589783,0.00741287,0.023344993591308594,-5342.951962709427,0.0,1.7530778e-09,-0.02348398,-3037.585806627525,8855.501829147339,6,16.677576638569864,2144.1933624584854,1.026710033416748,2.5445156
0.024454962,-846.625308970833,40,13.18508,-749.6001850813627,210.89805698394775,0.033769432,0.88466084,0.817463043952417,-0.5383142929755458,217.070415019989,0.009881507,0.022587299346923828,-5308.703980445862,0.0,-3.6856977e-09,-0.024454966,-1887.6181592527364,9072.576501846313,9,10.522984028591424,1830.9174203867615,1.0160653591156006,2.5790858
0.049575686,-927.3253148512832,41,13.41108,-154.69565439224243,195.1478259563446,0.020840552,0.89349973,0.21394997807406105,-39.15139889293244,201.376482963562,0.009617139,0.022455215454101562,-5358.395831286907,0.0,-3.6821401e-09,-0.04957569,-2727.0415809551873,9273.956976175308,6,17.867462517669136,2068.124277966692,0.9770622253417969,2.5960813
0.038200606,-974.026295082966,42,13.659347,-258.2510241009295,196.89878010749817,0.03586194,0.90166104,0.67723408545525,0.11771103120339488,203.0991268157959,0.00939934,0.022795677185058594,-5392.11137008667,0.0,-7.2453887e-09,-0.038200613,-2921.236474144583,9477.060012102127,6,13.811193836372246,2392.887495988066,1.0136923789978027,2.614424
0.027814193,-1005.0452510819969,43,13.879809,-204.56643688678741,200.8447299003601,0.031156875,0.9061966,0.8417333839732127,-1.0054856035871227,207.0325939655304,0.009895194,0.022901296615600586,-5389.681660413742,0.0,-2.1450969e-08,-0.027814215,-2972.3006428865096,9684.099904060364,6,15.09220238891958,2370.2864829154387,1.0238263607025146,2.6304352
0.030846165,-1113.4328626064705,44,13.98788,-852.9072879447995,189.4130630493164,0.061559595,0.9089922,0.7576852443890414,-1.0659636268380006,195.5778329372406,0.007000577,0.02211451530456543,-5212.392910841852,0.0,-1.475705e-08,-0.03084618,-3429.998992076282,9879.68285870552,5,20.89021609209144,1976.014197591664,0.986182451248169,2.6381912
0.038221713,-883.2752945675851,45,13.923072,-128.10311866831034,192.10655879974365,0.053879227,0.9069657,0.8187052609008358,-0.39827042941433977,198.2802493572235,0.009135618,0.02141714096069336,-5440.819197297096,0.0,3.78818e-09,-0.03822171,-2469.1160370638595,10077.966865062714,5,57.86101420436715,1893.9423374643509,1.0636701583862305,2.6335473
0.018255169,-761.0202018800959,46,13.967618,-652.7019073665142,212.82080936431885,0.0490142,0.90866286,0.8845559388791312,-5.004450859590856,219.12719011306763,0.008777449,0.022624492645263672,-5276.461944937706,0.0,7.3359563e-09,-0.018255161,-1584.2396661401208,10297.100142240524,9,15.356885940787496,1466.6352557716723,1.0142061710357666,2.6367416
0.021846646,-768.7374855213046,47,13.47703,-295.66949611902237,208.44149208068848,0.03591888,0.89277464,0.8448746855082013,-0.06543089107378086,214.5775830745697,0.006691862,0.022086381912231445,-5378.041768848896,0.0,1.31541285e-08,-0.021846633,-1768.0624385972817,10511.681633472443,9,11.82107890265225,1939.4689038307777,1.0029902458190918,2.6009867
0.021785354,-759.2069906857568,48,13.5429125,-51.766186848282814,217.4425446987152,0.052469507,0.8948791,0.8103158481132019,0.013938602621813234,223.68082523345947,0.007112661,0.02300238609313965,-5244.223987639416,0.0,-9.091271e-09,-0.021785364,-1692.9952217733953,10735.3679022789,10,9.729661834281481,1764.5860958132082,1.035416603088379,2.6058633
0.01797889,-952.5619226026985,49,13.394295,-648.2280920892954,229.1320390701294,0.030107234,0.8902289,0.885487122342837,-2.873237667003625,235.59784197807312,0.008753019,0.025430679321289062,-5302.374419406056,0.0,-3.2164396e-09,-0.017978894,-2469.757241141051,10970.96991610527,8,17.010840714559706,2080.7570975290732,1.1240506172180176,2.5948288
0.011195703,-1035.3760078206126,50,13.804324,-782.6825757867191,202.45226311683655,0.014868733,0.9024063,0.8300399353530007,0.2270018910551722,208.64415955543518,0.0070047295,0.02317333221435547,-5347.028680324554,0.0,-1.2385381e-08,-0.0111957155,-2762.2185158440648,11179.617851734161,6,24.531759730852542,1963.8067975015424,1.0135760307312012,2.6249819
0.01193348,-1080.807254286797,51,14.125035,-688.7400728315115,189.05209469795227,0.047163792,0.9127467,0.6655316654371556,-4.2952765776290045,195.16849160194397,0.007343193,0.022258758544921875,-5175.440795902163,0.0,-0.0,-0.01193348,-3413.0396365161987,11374.790464162827,5,22.39161415053356,2105.830162263257,0.9643821716308594,2.6479487
0.018614821,-612.0977375445684,52,14.025592,-11.333917863667011,275.53049898147583,0.07915885,0.9091315,0.8679794156656457,-1.457683941294606,282.0091669559479,0.0077612516,0.028354883193969727,-5315.542378485203,0.0,5.969792e-09,-0.018614816,-1318.829857678848,11656.804715633392,14,9.337882654065627,1613.5718275915842,1.2737765312194824,2.6408837
0.016248042,-496.15366517175414,53,13.935007,-351.21331808913965,226.75476455688477,0.26119596,0.9067339,0.8279266567837873,-3.243866687677439,233.1504442691803,0.005041084,0.023567676544189453,-1913.5756215911824,0.0,3.5684726e-09,-0.016248038,-822.9610482640346,11889.959201097488,10,28.811586490548155,404.0562660288663,1.1187548637390137,2.6344042
0.02632264,-613.3887769959624,54,13.869806,-468.1892839372158,211.868878364563,0.080759145,0.90483415,0.8347124069453238,-0.606174207668285,218.0286567211151,0.006973561,0.022466659545898438,-5181.873353421688,0.0,9.527448e-09,-0.026322631,-1411.8975883105563,12107.991805315018,9,16.845824543387224,1496.4389220573769,1.0065715312957764,2.6297143
0.02470645,-675.0552408148559,55,13.646863,-486.2388294637203,213.83868837356567,0.06641354,0.8993421,0.848863311778566,0.2015770475858194,220.23508286476135,0.009525914,0.02226400375366211,-4276.34009090066,0.0,1.1274968e-08,-0.024706438,-1407.8323727312543,12328.231051921844,9,27.659859100274133,1159.7639924638593,1.0519568920135498,2.6135097
0.021055697,-626.8525867725316,56,13.498144,-483.8618088029325,233.81079292297363,0.045976862,0.8961849,0.8607977012490723,-1.0021382186557672,239.98672246932983,0.00945086,0.02366495132446289,-4196.33714723587,0.0,-1.8199892e-09,-0.021055698,-1085.5066630501444,12568.221810817719,13,8.85297848209078,917.1573147185524,1.0611717700958252,2.6025522
0.021098109,-569.3082944685518,57,13.426273,-367.2081182412803,231.62800097465515,0.11789203,0.8934895,0.8552997319301209,-1.4180467229076825,237.82539319992065,0.008685489,0.023277759552001953,-4050.50697696954,0.0,1.503329e-08,-0.021098094,-1003.0515783567412,12806.052033424377,13,11.882324543857017,902.414654171233,1.0415019989013672,2.5972135
0.030383643,-598.9900735576128,58,12.746237,-302.85360653325915,215.48962235450745,0.10550377,0.87363577,0.8434169523367205,0.31848785747930297,221.6748547554016,0.008582011,0.022651195526123047,-5223.322593331337,0.0,-0.0,-0.030383643,-1370.9135718431323,13027.73083782196,10,15.550947231050651,1632.1360992868351,1.0136606693267822,2.545236
0.05619616,-667.2417154953899,59,12.390285,-78.45589616266079,218.2931456565857,0.063073285,0.86362183,0.18206227542401868,-6591.444182204553,224.68340945243835,0.007375267,0.023410320281982422,-5235.868061831628,0.0,-3.608985e-09,-0.056196164,-1585.4940657981847,13252.418266773224,10,10.652041501175685,1791.071063069868,1.0466153621673584,2.5169127
0.028020961,-692.4905810000485,60,12.434533,-19.035545840859413,214.66202425956726,0.04198675,0.8649831,0.735088954439437,0.3388840497632519,220.81584239006042,0.007571884,0.022524356842041016,-5322.010854065418,0.0,9.721923e-09,-0.028020952,-1602.4216927947477,13473.238935470581,10,9.094230094608225,1867.544269799209,1.0072274208068848,2.5204775
0.019770999,-610.8353549320259,61,12.559053,-468.7266950905323,205.67392826080322,0.104420975,0.86918175,0.748955960616533,-0.3682262841017381,211.84253430366516,0.007981414,0.021917104721069336,-5297.459685325623,0.0,2.474604e-08,-0.019770974,-1376.647419406722,13685.08706665039,9,10.834401975202162,1533.144021823799,1.0041229724884033,2.5304418
0.024052441,-875.7317341236778,62,13.197638,-667.2388396859169,249.46344137191772,0.03339223,0.8922293,0.7673593008072155,0.017716660028875286,256.0073091983795,0.007618982,0.02803325653076172,-5193.165266811848,0.0,-0.0,-0.024052441,-2287.7068002435067,13941.10082745552,9,13.379045763490751,2018.809233837091,1.2576396465301514,2.5800378
0.02758934,-550.9373511654944,63,12.890903,-530.9006434194744,222.2019066810608,0.10832317,0.8805065,0.785377089418421,-0.10663760458186955,228.47838640213013,0.008568545,0.023514270782470703,-5060.845599479973,0.0,1.4381516e-08,-0.027589325,-1178.4914640437812,14169.58324432373,10,17.244363277067727,1324.3210270188856,1.054905891418457,2.556522
0.019707432,-836.333225873189,64,12.530857,-597.5258868783712,233.54997062683105,0.07884314,0.86742127,0.7666261526840892,-0.1150045877057908,240.0153784751892,0.0042949887,0.026410579681396484,-5271.799136547372,0.0,1.7440428e-08,-0.019707415,-2307.629474055255,14409.602562189102,8,18.081970213473706,1951.4952452686694,1.1683242321014404,2.5281942
0.026889635,-607.3069178102905,65,12.30586,-534.9945577215403,223.35226249694824,0.12298709,0.8598408,0.8377631165388817,-1.5841936532480205,229.52372217178345,0.008586325,0.023915767669677734,-5277.356247782707,0.0,1.0735546e-08,-0.026889624,-1419.8507128426804,14639.130513191223,10,15.19744123553976,1596.0289717952073,1.0458297729492188,2.5100756
0.025720255,-970.300792514886,66,12.759868,-512.8404784612358,201.93262195587158,0.078447536,0.8739373,0.6599417711578822,0.48759864795593255,208.13002729415894,0.008678521,0.023505449295043945,-5382.928401470184,0.0,-7.0905153e-09,-0.025720263,-2935.236696833124,14847.266498088837,6,16.035770601630873,2286.7080492034056,1.0367827415466309,2.546305
0.028020306,-782.9610765154832,67,12.430573,-606.761742609553,231.00966477394104,0.089507826,0.864631,0.602485347727815,-0.32890782144325437,237.3387701511383,0.009571858,0.02635049819946289,-4919.606918450445,0.0,6.3897776e-09,-0.0280203,-2273.9503741534427,15084.609546899796,8,16.19507175782998,1997.1548213469875,1.1250214576721191,2.520159
0.025723778,-1306.2894668943886,68,12.377457,-1116.6963365972042,225.9787631034851,0.038599584,0.8612669,0.6810494064232189,0.46361641548584576,232.38024520874023,0.008896554,0.026688337326049805,-5282.404765035957,0.0,-0.0,-0.025723778,-4347.8060484878715,15316.997447252274,5,21.85073990756839,1617.996176996597,1.199148416519165,2.5158768
0.010544006,-1132.0157042294645,69,12.357462,-677.0900721251965,188.65657258033752,0.054442763,0.86109126,0.749308236639768,-7.548377893894505,194.9008822441101,0.008224539,0.022264719009399414,-5418.704944610596,0.0,-3.7216559e-09,-0.0105440095,-3467.2718523770573,15511.902386903763,5,20.48855015130884,2169.860897969537,0.9794580936431885,2.51426
0.02688696,-1177.8132624332432,70,12.288983,-879.4622483011335,225.86855602264404,0.075494274,0.8593346,0.7248639364971381,0.14255094457717377,232.2017149925232,0.008522639,0.02758049964904785,-5096.712104871869,0.0,3.775433e-09,-0.026886957,-4187.962380733259,15744.108853340149,5,24.75997356592498,1656.0910685843444,1.1982369422912598,2.5087032
0.034377385,-744.4306317120929,71,12.414139,-504.59082782268524,263.6692764759064,0.059073284,0.8628261,0.7986443581358859,-4.3942289540483,270.0821764469147,0.008407019,0.026925086975097656,-5173.001550316811,0.0,-0.0,-0.034377385,-1521.6947603092458,16014.196897506714,13,9.465835326813878,1556.78609734232,1.2197542190551758,2.518836
0.02433997,-691.182080389785,72,12.479074,-36.84136199951172,254.62343502044678,0.06686768,0.8638423,0.27649211999729145,-586.1446742758869,261.14529180526733,0.009825975,0.027188777923583984,-5211.628252655268,0.0,6.079199e-09,-0.024339965,-1814.4468411846426,16275.346579790115,11,11.016592681694634,2070.0845660852733,1.1972694396972656,2.524053
0.02066713,-913.81471575277,73,12.67601,-607.3487595915794,223.80845403671265,0.0743501,0.8717466,0.79904747886087,-0.3262329468251699,230.18320155143738,0.0072611924,0.025677919387817383,-5326.2768596708775,0.0,6.4986323e-09,-0.020667125,-2642.3054003767734,16505.535943746567,7,19.908522317686703,2138.989107481812,1.1369972229003906,2.5397112
0.032813042,-978.0352142138137,74,13.040864,-623.9884362220764,204.59440422058105,0.012179223,0.88490057,0.6005541130135166,0.5550601531387052,210.86064076423645,0.008411355,0.023429155349731445,-5361.71700668335,0.0,-1.0715442e-08,-0.032813054,-2660.673689339842,16716.400457382202,7,13.554993330407516,2310.3911888795933,1.0173542499542236,2.5680878
0.026723105,-985.8087169533195,75,13.284534,-771.1964182853699,202.50217843055725,0.066807084,0.89303774,0.810598630903642,-0.9705936388179415,208.65752959251404,0.0077172224,0.02302384376525879,-5360.001209974289,0.0,1.4207439e-08,-0.02672309,-2892.083753582711,16925.06221485138,6,19.826929214595904,2108.718742279275,1.015920877456665,2.5866005
0.037171472,-1041.7435045355726,76,13.074087,-784.8228045403957,203.40037560462952,0.054656815,0.88618153,0.8568028510738582,-0.9760749937486675,209.75065398216248,0.009057325,0.023459672927856445,-5251.640995264053,0.0,8.7734525e-10,-0.037171472,-3026.1311864371723,17134.816544771194,6,20.470793408578594,2106.943201469804,1.047060251235962,2.5706322
0.031206166,-728.6220465076864,77,13.544523,-480.7651222674176,218.11239409446716,0.09845893,0.90181607,0.5760187706825236,-1.013643982757705,224.34150433540344,0.0064703003,0.023224353790283203,-5054.401307284832,0.0,1.7875808e-09,-0.031206165,-1710.028460227962,17359.16216444969,9,18.22592002177438,1653.238021685364,1.0294275283813477,2.6059823
0.015121548,-990.7302494637885,78,13.628583,-750.137847840786,211.6103014945984,0.05488126,0.9049989,0.748711771881289,-0.5977794228600997,217.88396430015564,0.007012102,0.023715972900390625,-5410.240919351578,0.0,-1.2181971e-08,-0.015121561,-2687.897681269717,17577.05207324028,6,40.5002679609099,1892.6700698018346,1.085946798324585,2.6121693
0.027698105,-802.857496335195,79,13.756986,-122.14246564685891,216.20345950126648,0.13152544,0.9100244,0.8222333514806214,-0.41886856944920314,222.4545612335205,0.009821318,0.024132251739501953,-5064.664589114487,0.0,3.3848246e-09,-0.027698101,-2485.199570987575,17799.513768434525,7,19.921114397290516,2170.1195114611496,1.090134859085083,2.6215467
0.039588474,-791.7545440830588,80,14.256007,-526.1421712525189,201.38427710533142,0.065644324,0.9252656,0.8608619477224988,-4.1219228927535125,207.5946500301361,0.009273216,0.02185535430908203,-5341.639240503311,0.0,-2.2774312e-08,-0.039588496,-1926.711473687552,18007.115606546402,8,15.11534023926598,1949.167367463023,0.9750540256500244,2.6571784
0.02649792,-974.4301057233586,81,14.279568,-509.9322755038738,218.65613770484924,0.040671915,0.9259452,0.6838654879872049,0.09110567891890775,225.01426196098328,0.0075426865,0.024962186813354492,-5325.081687569618,0.0,-4.971369e-09,-0.026497925,-2717.1103586491995,18232.13429236412,7,16.595173883200307,2161.391569243743,1.1005966663360596,2.6588297
0.010783301,-573.9203657250433,82,14.569191,-309.62063789367676,214.19410109519958,0.35640335,0.93489033,0.8137692265786078,0.09622503519812331,220.53443694114685,0.008366148,0.022908687591552734,-5347.767138063908,0.0,2.2329935e-08,-0.010783278,-1206.5655988409826,18452.675570726395,9,26.162019758033527,1474.3393740972697,1.0640268325805664,2.678909
0.024899395,-1015.6821395026536,83,14.504953,-547.7675535678864,240.47026419639587,0.052700315,0.9327342,0.7718915777125238,-0.35503560981169313,246.92744851112366,0.007606782,0.02803802490234375,-5355.923161268234,0.0,-8.081986e-09,-0.024899403,-3310.578953294704,18699.610574245453,6,32.281515385603804,2013.428234329984,1.2807624340057373,2.6744902
0.011465936,-744.5101332629886,84,14.372554,-443.0317790210247,240.29321479797363,0.09276871,0.92825776,0.7237259225409827,-0.2986190365226302,246.74148440361023,0.0035601195,0.02636551856994629,-5311.996549606323,0.0,-9.395806e-09,-0.011465945,-1988.5322829631623,18946.355754852295,8,33.32867993117958,1827.1130201628412,1.2284634113311768,2.6653204
0.020575939,-834.1675284560414,85,14.187688,-590.5853196382523,223.51443576812744,0.08261357,0.92282796,0.8722097438513623,-0.5604174943319902,229.96764206886292,0.00701913,0.025462627410888672,-5088.102756768465,0.0,3.2800493e-09,-0.020575935,-2490.1700240783393,19176.327379226685,7,24.034260794171644,1968.977246137431,1.1511154174804688,2.6523745
0.036533557,-885.2874061204469,86,14.114902,-152.08945886790752,216.2512400150299,0.05276198,0.9203846,0.7103451534084045,-0.020550171745485235,222.6086940765381,0.008961379,0.024591922760009766,-5177.562039673328,0.0,4.2012083e-09,-0.036533553,-2587.875053703785,19398.94025158882,7,20.02753063212549,2218.5141811519916,1.0859742164611816,2.647231
0.020243032,-573.575813688334,87,14.125961,-185.84724498353899,214.8937747478485,0.13921763,0.9228287,0.871320998837561,-0.8557586066753708,221.06305313110352,0.0069567044,0.02332901954650879,-5074.210730405524,0.0,1.3808026e-08,-0.020243019,-1342.2630606904213,19620.006964683533,9,19.04428364067708,1476.7021203926536,1.0206232070922852,2.6480143
0.02668748,-856.2437513066777,88,14.713122,-718.590544000268,240.36578798294067,0.042619314,0.9414286,0.7296122684184189,0.03543039236752188,246.85761070251465,0.0075829686,0.02664494514465332,-4628.033486068249,0.0,3.1013798e-09,-0.026687477,-2210.7355802196544,19866.868752002716,8,32.61914300850899,1700.7273314718545,1.1756088733673096,2.6887398
0.028550051,-613.6465564563848,89,14.851326,-391.73485216498375,234.6546950340271,0.082481615,0.9456575,0.7358715869601687,-0.3461600464651198,240.9616198539734,0.007265027,0.024331331253051758,-3583.3816997110844,0.0,-7.0708013e-09,-0.028550059,-1257.4657794453553,20107.837782859802,10,37.333460176689655,1037.0502312722506,1.142789363861084,2.6980891
0.027065208,-768.567548857847,90,14.343066,-517.5855264551938,201.42352271080017,0.07409131,0.93118,0.8850282795302069,0.06735417111700948,207.60749411582947,0.006378568,0.022062063217163086,-5327.921239852905,0.0,-3.8108863e-09,-0.027065212,-1903.073280325625,20315.44944691658,8,14.147534236081475,1886.6676660831083,0.9803411960601807,2.6632667
0.030050578,-757.199949162677,91,14.378713,-215.8161721304059,246.83421564102173,0.06625527,0.932029,0.8348743009458236,0.008876094474117857,253.27616214752197,0.009403612,0.02674078941345215,-5413.488191604614,0.0,7.697129e-10,-0.030050578,-1963.540849548247,20568.729725837708,9,19.56639418213426,1942.5911135555389,1.1890747547149658,2.6657488
0.021830462,-678.7059896292641,92,14.12556,-612.6235797405243,216.022766828537,0.07688724,0.9215987,0.8741535166966786,-0.6587937922060003,222.20182132720947,0.008355552,0.02237081527709961,-4405.651683777571,0.0,-1.126387e-08,-0.021830473,-1456.8342142324482,20790.93737053871,9,32.14962618866827,1282.1207624585554,1.0147910118103027,2.647986
0.024510073,-803.3071798851106,93,15.03533,-551.5012754648924,252.65386176109314,0.054350816,0.95119935,0.8779155606169884,-0.5518196036395489,259.14363384246826,0.008503064,0.027818679809570312,-5378.08144068718,0.0,6.0647016e-09,-0.024510067,-2002.3356503099203,21050.085406064987,9,26.134274184473927,1902.080657047378,1.2639620304107666,2.7104027
0.034478296,-909.544595318694,94,15.091542,-580.6022336799651,200.48758745193481,0.054301415,0.9538932,0.7736764076609556,0.4392270459877843,206.82421946525574,0.0065453174,0.022336721420288086,-5322.942134082317,0.0,-0.0,-0.034478296,-2722.892302940227,21256.913722515106,5,64.67114401785513,1768.0210829695668,1.0984375476837158,2.7141345
0.027506895,-740.4866433117676,95,14.878562,-158.0978508987464,215.1203498840332,0.09500244,0.94774383,0.8430875437485429,-0.10700621494742357,221.27864122390747,0.009052494,0.023164987564086914,-5306.530912399292,0.0,-0.0,-0.027506895,-1748.921545150845,21478.196607351303,9,17.60060721188339,1820.0018203147913,1.0335862636566162,2.6999214
0.02250484,-880.9610437009817,96,15.103831,-679.5261087417603,235.5645031929016,0.05099435,0.955798,0.7964391838024006,-2.363208991248917,241.98990654945374,0.00714917,0.025458097457885742,-5372.963752269745,0.0,3.2218728e-09,-0.022504836,-2341.1202385624056,21720.191316127777,8,30.860130650543837,2041.1162952808577,1.193422555923462,2.7149484
0.021449294,-956.4016416155541,97,15.204943,-607.1868482679129,238.05517673492432,0.031704694,0.9603246,0.7004474548617577,0.07987445136790172,244.4041886329651,0.0064745853,0.026785850524902344,-5326.830807685852,0.0,-6.1776473e-09,-0.0214493,-2536.2863912133034,21964.599081993103,8,15.152292617980713,2076.2524836401494,1.1949858665466309,2.7216206
0.03364488,-1060.635111906935,98,15.058149,-612.4003156647086,191.1055064201355,0.05035114,0.95722973,0.63578967270815,-0.1924638246316166,197.29447412490845,0.007332713,0.02255558967590332,-5322.870384693146,0.0,1.4814359e-08,-0.033644866,-3335.07019904349,22161.89730668068,5,30.76378546790837,2079.988297022254,0.9712114334106445,2.7119193
0.02228664,-801.1025273836353,99,15.126986,-730.4474189281464,263.3454809188843,0.049698334,0.95924103,0.7842145126208939,-1.2397028865111843,269.7769618034363,0.007180123,0.028189420700073242,-5344.180452466011,0.0,7.6293943e-10,-0.02228664,-1649.7089118782897,22431.680191516876,12,14.67630292412718,1582.19006374811,1.2603881359100342,2.7164803
0.015863251,-610.6977734000895,100,14.381825,-414.2467521429062,214.08784294128418,0.17472506,0.9332038,0.7613789204147401,-0.5536916768387836,220.28825330734253,0.0072579575,0.022599458694458008,-4527.089520812035,0.0,1.868118e-09,-0.01586325,-1220.1167295941461,22651.975638628006,9,33.96548020519515,1183.32288333467,1.0491480827331543,2.6659653
0.022958186,-718.6766127869181,101,13.6535635,-417.7097619827837,221.2807159423828,0.07374239,0.90650344,0.7922742040236485,0.5928931929906254,227.44900369644165,0.007599883,0.0234527587890625,-5204.62190079689,0.0,1.7943073e-09,-0.022958184,-1639.644476345135,22879.42871594429,10,12.199229975539845,1781.306355461392,1.0375423431396484,2.6140006
0.027837457,-597.9467365973372,102,13.788671,-239.61031836271286,224.38026523590088,0.077555925,0.91195333,0.8439846315759637,-1.4799403204521804,230.62562108039856,0.009136152,0.02225351333618164,-5209.047189563513,0.0,2.3295135e-08,-0.027837433,-1130.635735005994,23110.058435201645,12,15.62532434759189,1257.165247880093,0.9986648559570312,2.6238472
0.022249492,-687.0730535365468,103,13.711104,-481.5704515054822,228.89727210998535,0.19263224,0.9085115,0.777617085682242,-0.5844005882724361,235.29768633842468,0.009323708,0.024730682373046875,-4785.813033677638,0.0,-5.0193387e-09,-0.022249497,-1781.5377568203298,23345.361337423325,7,54.976322417831184,1576.9694292855374,1.1836192607879639,2.618206
0.019407857,-738.5322888964446,104,13.742732,-338.6922736763954,214.99751257896423,0.06537621,0.9110807,0.8239349895815321,-0.8370051723796537,221.38196539878845,0.008337852,0.02299666404724121,-5307.572826385498,0.0,7.300856e-09,-0.01940785,-1724.1972468931021,23566.750114679337,9,16.714548524728798,1700.5025992391516,1.0556938648223877,2.62051
0.036339458,-680.9227118673115,105,13.607875,-289.81045166403055,216.5085608959198,0.09768247,0.90633696,0.7210997088787923,-0.6566878890602224,222.7991681098938,0.0072836857,0.023151874542236328,-4809.028008238412,0.0,1.4785648e-08,-0.036339443,-1509.8223306579102,23789.553177833557,9,27.027436700022534,1415.8725642357017,1.0889146327972412,2.6106486
0.019056484,-750.7688314688197,106,13.770128,-241.15281642891932,245.19457268714905,0.08579231,0.9121549,0.7520595487923878,0.2840487717163651,251.5450792312622,0.0054226383,0.027673721313476562,-5282.216177225113,0.0,6.1776473e-09,-0.019056479,-2097.3573422629206,24041.10439682007,9,18.480971321035273,2160.53675261453,1.2085886001586914,2.6225016
0.029034711,-880.6936190078802,107,13.417519,-525.9871833458019,237.83534908294678,0.07102126,0.89842695,0.8291540554461964,-1.037693937213049,244.23431944847107,0.008050959,0.027013778686523438,-5255.044309582561,0.0,-0.0,-0.029034711,-2421.2815898174995,24285.34314751625,8,19.546410873759235,2071.3888793835563,1.1877095699310303,2.5965612
0.025668439,-794.152710586998,108,13.348223,-8.14596140384674,214.42150139808655,0.1344737,0.8967304,0.8743165589833455,-0.26340714404118915,220.8123743534088,0.0072914995,0.02427816390991211,-5447.851106643677,0.0,8.630537e-09,-0.02566843,-2111.192910934133,24506.159539461136,7,33.60043200126826,2060.946823461856,1.1173467636108398,2.5913832
0.04311096,-725.7239703853909,109,13.208365,-261.95703941583633,260.62854385375977,0.08424868,0.8934159,0.8410302418448263,-1.104218114074016,267.1675992012024,0.00971556,0.028217077255249023,-5063.685597486794,0.0,1.4751342e-09,-0.04311096,-1922.2932352164062,24773.331057071686,10,26.930468306469002,1932.5859308089596,1.2737271785736084,2.5808504
0.017128276,-731.746256726617,110,13.826966,-429.4067089110613,196.7815670967102,0.16010332,0.9128792,0.7489349984275864,0.2505489695866595,202.96868109703064,0.0068676914,0.0220029354095459,-5252.618999699131,0.0,3.7509316e-09,-0.017128272,-2166.8701092025267,24976.303822994232,5,68.26732724489119,1746.6518041133795,1.0456974506378174,2.6266208
0.026920618,-1097.7698545698445,111,13.722507,-723.1582866460085,200.73675799369812,0.02679203,0.90816164,0.7325583916272224,-5.090730963180429,206.99567198753357,0.0077216523,0.023077964782714844,-5332.7256536483765,0.0,1.7825689e-09,-0.026920617,-3057.837150109311,25183.303630828857,6,21.334371489123495,2146.473172324441,1.0201523303985596,2.6190374
0.008971394,-939.7564738922738,112,13.51457,-679.1082297116518,234.5906217098236,0.052956056,0.90119547,0.7374471931380104,-1.5191122077262484,241.12195825576782,0.0066969027,0.026685237884521484,-5324.355827927589,0.0,-1.5763212e-09,-0.008971396,-2496.001765949186,25424.42964744568,8,19.282191131615804,2102.5284724593275,1.1803083419799805,2.6037683
0.033556737,-472.21701629598044,113,13.297619,-341.4775322675705,249.62595748901367,0.23535177,0.8939292,0.7617964202273281,-6.356102905836402,255.81821274757385,0.0098687215,0.0235750675201416,-1017.5007435083389,0.0,-1.4974278e-08,-0.033556752,-699.6857668895973,25680.25306081772,16,12.246880771794254,212.32744082132146,1.0552794933319092,2.587585
0.013926722,-637.8918137109545,114,13.793881,-319.0990279465914,215.05203318595886,0.1221945,0.91054463,0.8326231150378173,-275.1802985920986,221.22136282920837,0.0066946745,0.02303600311279297,-4891.233937263489,0.0,-9.2142445e-09,-0.013926731,-1616.105940214048,25901.47838115692,9,22.4310659283314,1741.894364759388,1.0067007541656494,2.6242251
0.032695927,-510.9382291009357,115,13.57858,-99.6966982036829,241.65692257881165,0.16866009,0.9055002,0.7899795755622387,0.04094777222282753,248.01909136772156,0.007944224,0.02417731285095215,-4819.53377713263,0.0,-6.2800756e-09,-0.032695934,-993.868828207541,26149.501449346542,13,15.694675538072381,1125.7924035503947,1.0895705223083496,2.6084936
0.027254663,-714.6645228607039,116,13.829037,-278.84675685316324,210.07993936538696,0.09976736,0.9142784,0.683227904452378,0.34887854872085367,216.256103515625,0.007954753,0.022848129272460938,-5353.1439480781555,0.0,1.8736234e-08,-0.027254645,-1703.786892457503,26365.761953115463,9,14.498258962888823,1895.788064790906,0.9880826473236084,2.6267705
0.019141164,-543.286390443204,117,13.596109,-502.20290471613407,200.9305658340454,0.22620657,0.9062072,0.8214412044380522,-19.963527877836235,207.2192633152008,0.009708986,0.021744728088378906,-3601.167631123215,0.0,1.8464169e-09,-0.019141162,-1571.9315197017045,26572.988384962082,5,81.68451908779574,1131.2005046421536,1.0976104736328125,2.6097836
0.026910301,-1117.997064348681,118,13.432546,-884.3455914482474,188.61792397499084,0.03417995,0.8957072,0.7294691788493022,0.16257915106893628,194.90459942817688,0.007611935,0.02242732048034668,-5262.116580724716,0.0,1.3942607e-09,-0.0269103,-3463.290715663135,26767.8976624012,5,21.302684902453183,2095.4720317179767,0.996922492980957,2.5976806
0.017681316,-666.8023034858455,119,13.599263,-300.72862908244133,212.99012732505798,0.09382351,0.90223074,0.8461567498553709,-2.9543786040965965,219.25080943107605,0.00753689,0.022054433822631836,-4747.525104190689,0.0,-6.532016e-09,-0.017681323,-1572.818867525655,26987.155303239822,9,21.484846032946084,1614.335827346311,0.9868927001953125,2.6100156
0.026360769,-628.3627432319629,120,13.483872,-260.3957249522209,265.8462212085724,0.08431833,0.9013097,0.8735962265108288,-1.3886913047337126,272.3363995552063,0.0076933047,0.028381824493408203,-5254.6840653419495,0.0,1.4739943e-09,-0.026360767,-1734.9520909615444,27259.49724292755,10,29.282143656938224,1973.639645454087,1.30269193649292,2.6014943
0.026274623,-998.239006228039,121,13.570923,-639.387755215168,189.78554916381836,0.056175146,0.9082549,0.8502563811434557,0.07202693930832205,195.9401354789734,0.009315848,0.021930217742919922,-5211.580576553941,0.0,1.8810145e-08,-0.026274605,-3211.8894548300655,27455.444153547287,5,33.6225264552437,2029.8422771234789,0.9778916835784912,2.6079295
0.026533138,-664.9023802951818,122,13.51543,-578.488290540874,215.16998171806335,0.07476685,0.9058062,0.7683506316521931,-0.6476888473472722,221.33581280708313,0.008400035,0.023123502731323242,-5211.637014478445,0.0,-5.5072626e-09,-0.026533144,-1489.7731120933572,27676.784219503403,9,20.935950901248557,1478.2773929815685,1.0156149864196777,2.603832
0.030712442,-655.4271400118694,123,13.918094,-211.90746001154184,257.81417536735535,0.075402126,0.91951215,0.8380760636899633,0.03893323130545845,264.2902760505676,0.008653932,0.02750253677368164,-5059.3410521149635,0.0,-1.20909585e-08,-0.030712454,-1801.2289660659412,27941.07865214348,9,41.774178469247914,1732.3855698092068,1.3440663814544678,2.6331897
0.019505396,-599.3867989928856,124,13.971538,-533.594573572278,217.28990364074707,0.14515834,0.9220713,0.7345566706131771,-0.05372168343838868,223.5052900314331,0.009898983,0.022298097610473633,-5343.622667789459,0.0,-0.0,-0.019505396,-1334.1193224824965,28164.588177919388,9,32.15902616676832,1475.7144163073624,1.052495002746582,2.6370223
0.017582454,-711.2403490803492,125,14.0291605,-321.86691149370745,237.31836366653442,0.10680586,0.9252098,0.922497512430846,-0.8036929168273279,243.6227524280548,0.0055090394,0.025669574737548828,-5171.731097303331,0.0,-1.1353266e-08,-0.017582465,-1917.7080329184537,28408.218126296997,8,40.89512222008582,1918.9351326882036,1.1891188621520996,2.641138
0.037361257,-966.8729293324977,126,13.969982,-680.8910700827837,196.36763310432434,0.04642328,0.9225307,0.8020587258047338,-3.7198580170090843,202.59070992469788,0.006875397,0.022592782974243164,-5264.051324039698,0.0,-4.182782e-09,-0.03736126,-3038.24224263113,28610.81535243988,5,57.787982985404575,1891.4731404271088,1.0153822898864746,2.636911
0.032853115,-820.7294506420079,127,14.047881,-435.13534816354513,223.65322351455688,0.048707005,0.9250847,0.7408030905226887,-2.2969775267075643,229.9715096950531,0.0091558155,0.024631738662719727,-5044.474501997232,0.0,-1.0884781e-08,-0.032853127,-2470.4669707887015,28840.791162967682,7,37.689215950479536,2111.998153441591,1.1448147296905518,2.6424716
0.020653218,-1241.5260000334397,128,14.155738,-3768.510426839348,218.47047996520996,0.032561366,0.92732346,0.6902920420251999,-0.07303968502736313,224.77344465255737,0.0058828946,0.025336742401123047,-5127.068489819765,0.0,6.3790924e-09,-0.020653212,-4666.563609724282,29065.56864452362,4,69.60909555866807,528.0743652757449,1.1351957321166992,2.65012
0.021744588,-566.0863921542855,129,14.110749,-332.993534989655,235.36243867874146,0.15051022,0.92479724,0.7652348989807704,0.3092268015261733,241.64994359016418,0.008152932,0.024446964263916016,-5259.403211414814,0.0,1.0300712e-08,-0.021744577,-1264.1118760977872,29307.224315166473,10,29.34291716647715,1414.0524534994804,1.1499993801116943,2.646937
0.019567622,-705.599958576559,130,14.019087,-614.6155518889427,225.19035959243774,0.05989959,0.922402,0.8006157835442878,-1.714344692124885,231.55548787117004,0.0061102877,0.022736072540283203,-3905.29611887224,0.0,-1.825214e-08,-0.01956764,-1383.8393062502146,29538.783680438995,9,40.10260915727855,1022.8238663308576,1.1495587825775146,2.6404197
0.04172946,-822.6180212529534,131,13.916371,-352.44832845032215,255.96336460113525,0.05671571,0.9184198,0.8607305715470936,-0.09256074519445034,262.54380321502686,0.008840362,0.027657508850097656,-5160.099156808108,0.0,1.3432032e-08,-0.041729447,-2221.1729971223717,29801.331844329834,9,29.26405761504067,2006.5249650256872,1.2724547386169434,2.633066
0.021661215,-893.5665708322163,132,14.445951,-705.7184102446772,215.62770199775696,0.06720981,0.9396312,0.8597604533215633,0.3725583157044703,222.04629182815552,0.009212724,0.024196386337280273,-5142.222432017326,0.0,-1.0601189e-08,-0.021661226,-2779.5323198964275,30023.38220691681,6,53.33970560046578,1991.7836135267567,1.1560094356536865,2.6704142
0.022767257,-715.947274604609,133,14.51373,-543.1824004426599,224.797856092453,0.08465403,0.940658,0.7806623520978296,-4.673897311676209,231.15951323509216,0.006359835,0.023637056350708008,-5040.961328029633,0.0,-1.785907e-09,-0.022767259,-1652.9577883788797,30254.545454263687,9,31.794207869281113,1527.2076904181383,1.068124771118164,2.675095
0.021587364,-730.7565165027384,134,14.835535,-366.40520516783,215.4797329902649,0.06376227,0.95074266,0.8949785319080885,-0.06280670380791209,221.74156832695007,0.006245971,0.023426532745361328,-5234.033827781677,0.0,-3.6539245e-09,-0.021587368,-1744.0624652074443,30476.294620752335,9,21.169295297248127,1871.3334294014517,1.03475022315979,2.6970253
0.031427745,-643.5681590412864,135,14.952009,-556.2367299757898,208.758873462677,0.13537946,0.9535088,0.757490933355814,-0.14648302079155506,215.03752493858337,0.007013804,0.021608829498291016,-4868.965708969627,0.0,-3.807083e-09,-0.03142775,-1619.224089555326,30691.336134910583,8,35.438426454879924,1574.619035438482,1.0345430374145508,2.7048457
0.03597298,-834.5426627407401,136,14.923453,-476.29079711809754,253.43681740760803,0.070568964,0.9506056,0.7589449878677073,-3.8917222701553342,259.9507598876953,0.009592825,0.027436017990112305,-5360.159321784973,0.0,-0.0,-0.03597298,-2163.1281714038146,30951.29474568367,9,31.41589197187006,2045.7714123667743,1.259554147720337,2.702934
0.02750754,-942.9335278991863,137,15.048401,-559.106353443116,197.52371525764465,0.066492766,0.9559774,0.805388154513047,-0.3877375399175731,203.81485533714294,0.0071119326,0.021892309188842773,-5162.6319236159325,0.0,1.8662902e-08,-0.027507521,-3088.0527931332276,31155.11403274536,5,74.54016786293985,2064.0008192443656,1.0592968463897705,2.7112718
0.026554205,-801.9947987408705,138,14.898085,-192.69601088948548,241.97020316123962,0.05992254,0.9506259,0.9187555261490797,-1.1800089873390363,248.3308551311493,0.0074822437,0.02639293670654297,-5412.693195581436,0.0,6.279337e-09,-0.026554199,-2144.8405717254823,31403.448793411255,9,16.782196031519252,2198.8897446377196,1.1815736293792725,2.7012327
0.025744673,-936.0339151671781,139,15.020733,-264.83839654922485,193.11318111419678,0.026683018,0.95483655,0.8289684208638075,0.36743975237501614,199.32307815551758,0.008383586,0.02176690101623535,-5228.924930781126,0.0,7.598999e-09,-0.025744665,-2910.165228265524,31602.778047323227,5,55.40222085464022,2022.3554231042867,1.0011868476867676,2.7094314
0.04041487,-634.6402284447827,140,15.014231,-208.48888926859945,211.51164865493774,0.101435184,0.95452964,0.8174805037327946,-5.940656122088721,217.66460609436035,0.008209215,0.022194385528564453,-4915.648792415857,0.0,9.44232e-10,-0.04041487,-1599.4905515102048,31820.44834089279,9,21.369605040869406,1750.7206786857766,0.9941093921661377,2.7089984
0.02681838,-613.4984792586251,141,15.266637,-364.05285908281803,221.4203803539276,0.11662239,0.9592334,0.737639450644334,-0.3357571512905688,227.64490151405334,0.009256939,0.022643327713012695,-4131.721058288589,0.0,-3.7071888e-09,-0.026818383,-1288.444933532168,32048.09741640091,9,37.52427720381994,1117.6785938977475,1.0716593265533447,2.7256699
0.020169057,-712.730477489832,142,15.458381,-238.86348675563931,235.83712339401245,0.100910045,0.9641778,0.8454814535841206,-3.095404540348831,242.3085970878601,0.008372645,0.025758028030395508,-5295.502046227455,0.0,-3.254861e-09,-0.02016906,-2086.4877842930146,32290.409893512726,8,35.80959496405046,2167.216067709369,1.1445300579071045,2.7381513
0.021319743,-752.1425395217539,143,15.044114,-445.17137237725547,209.70687985420227,0.06722503,0.948607,0.9047621800102197,-2.161707996484381,216.11496663093567,0.007099036,0.023287057876586914,-5140.97398814559,0.0,1.0715442e-08,-0.021319732,-2051.0674272656033,32506.52899479866,6,41.14126918700483,1861.1037141809124,1.1059646606445312,2.7109869
0.026764072,-781.966437631958,144,14.682394,-346.48325940966606,216.18901205062866,0.0872568,0.93603176,0.6885112770231192,-0.55203549282132,222.46836066246033,0.007187344,0.02300715446472168,-5384.4295566082,0.0,-7.307849e-09,-0.02676408,-1798.7242933751809,32729.001136779785,9,20.067392473923213,1898.7939840240485,1.0227398872375488,2.686649
0.021126736,-653.6911145099331,145,14.285646,-164.68968470022082,256.34551072120667,0.08318932,0.92286336,0.9326079771020586,-1.0724834989828427,262.82577419281006,0.009244866,0.02715587615966797,-5302.529821157455,0.0,-2.8586408e-08,-0.021126764,-1451.4815244050114,32991.831090688705,12,14.653611692554955,1672.1884900100868,1.1975464820861816,2.6592553
0.03968029,-1114.2946611705452,146,14.438308,-580.6152842734009,196.83084511756897,0.021722002,0.9306103,0.7301080508647764,-0.2580524730578382,203.06891751289368,0.008941736,0.022010087966918945,-5418.554869174957,0.0,-1.4974278e-08,-0.039680306,-3197.2616153945214,33194.90697336197,5,65.34498818112539,1941.2264309327065,1.0789732933044434,2.669885
0.038482692,-696.2474174938852,147,14.435089,-75.85514521598816,227.52490067481995,0.085131235,0.93466973,0.14975419428893413,-1847.727063071372,233.7188594341278,0.009406997,0.023325443267822266,-5249.269210807979,0.0,-4.489992e-09,-0.038482696,-1592.0276492706034,33428.630028009415,10,25.838802049108438,1675.3040353033366,1.0685608386993408,2.669662
0.028369294,-1241.014263292411,148,14.486295,-703.8900219835341,229.76626586914062,0.052076235,0.934754,0.8861942458679186,-0.5563038578664217,236.18544101715088,0.007351923,0.02735614776611328,-5374.325859069824,0.0,1.5113698e-09,-0.028369293,-4258.157961073518,33664.819150686264,5,48.78814600558713,1782.33380326151,1.2479298114776611,2.673203
0.033347502,-671.1344481752042,149,15.227079,-33.12122941017151,268.72580575942993,0.06748485,0.9589915,0.8209896042345333,-0.9067241495379159,275.33166456222534,0.006714886,0.027795791625976562,-5206.338752061129,0.0,6.2078067e-09,-0.033347495,-1407.4916455738532,33940.15455555916,13,20.75235243122891,1568.8452032469618,1.2676184177398682,2.7230754
0.026418108,-938.6626768191794,150,15.324185,-794.3953321650624,204.46502256393433,0.08065564,0.9610466,0.7011510677031177,0.19307815921185967,210.82548022270203,0.008295592,0.02213454246520996,-4454.148523034528,0.0,1.1110768e-08,-0.026418097,-2895.321643631067,34150.98404765129,5,87.01172302419423,1676.3628958435,1.0905137062072754,2.7294323
0.02866701,-713.372410078857,151,15.627564,-419.33641785010695,222.97931814193726,0.08814242,0.9692309,0.8103622730679919,-7.790067199990471,229.3789713382721,0.009925275,0.023544788360595703,-5051.755669116974,0.0,-9.039567e-09,-0.02866702,-1693.427256999822,34380.36698651314,9,30.198773804187145,1638.7511897498498,1.0664880275726318,2.7490363
0.027921602,-674.5242762923928,152,15.543853,-454.1176377683878,251.0743556022644,0.090703,0.96606797,0.8505006772047587,-0.42703141247768484,257.49118208885193,0.0077298456,0.025973796844482422,-5051.169623732567,0.0,8.943237e-09,-0.027921593,-1541.195658178492,34637.862446546555,11,25.760264212619155,1646.9907588415117,1.1800966262817383,2.7436652
0.01180652,-511.2773641498662,153,15.538713,-14.518852710723877,242.60014152526855,0.10163256,0.9655835,0.7767847767818611,-4.549065663693309,248.93062281608582,0.007012008,0.023210763931274414,-2489.166837796569,0.0,1.864466e-09,-0.011806518,-821.3010068008609,34886.79717087746,14,20.062461358171742,527.6207073504092,1.0793390274047852,2.7433345
0.03270083,-814.6522162328371,154,15.010483,-353.2449307143688,246.9453160762787,0.05179906,0.950831,0.8693753431189785,-0.1342789116676255,253.4220154285431,0.0084482245,0.027431726455688477,-5365.089563369751,0.0,9.12607e-09,-0.03270082,-2189.84020807563,35140.223286151886,9,19.77303206236,2093.3335605938664,1.2441399097442627,2.7087488
0.023447253,-908.2285333357607,155,14.986867,-258.8548301188275,253.9438190460205,0.061076015,0.9506684,0.8570435680734514,-0.8876619986516661,260.39930629730225,0.008551451,0.02835536003112793,-5345.99211025238,0.0,-1.484318e-09,-0.023447255,-2318.012131010389,35400.630110025406,9,30.44206482978653,2037.8652196805715,1.2749290466308594,2.7071743
0.020399358,-733.9501503152424,156,13.975782,-333.5223531536758,224.69493055343628,0.07489517,0.91676545,0.8501731548182864,-0.30403424087900865,231.1656084060669,0.0070623695,0.024570226669311523,-5339.795691609383,0.0,-8.507353e-09,-0.020399367,-2069.000713328964,35631.80024051666,7,51.5245006238598,1838.3909576636406,1.1681628227233887,2.637326
0.0261916,-1299.6963752486479,157,14.3344345,-596.3277480863035,231.33066082000732,0.02500748,0.9298128,0.8548093628177774,-3.8705361728834005,237.81892728805542,0.007790462,0.02681732177734375,-5381.844419300556,0.0,-7.2653616e-09,-0.026191607,-4295.672941102833,35869.62309932709,5,62.31512683112974,1854.1748491060498,1.2245469093322754,2.6626647
0.02369963,-728.0624333054511,158,14.178496,-388.4597180336714,265.04646730422974,0.07888373,0.92457825,0.849442584810273,-0.2606537582383526,271.43292927742004,0.008248655,0.027755022048950195,-5389.454499959946,0.0,-0.0,-0.02369963,-1562.5328207983694,36141.06113433838,12,19.831170470601506,1647.1976406284052,1.2317352294921875,2.6517265
0.028420636,-673.4239622664101,159,14.2520075,-369.312795676291,239.81903171539307,0.089385584,0.9278361,0.7368000486201279,-0.17197744601467502,246.05475425720215,0.0068779932,0.023746728897094727,-5388.632092133164,0.0,1.0806508e-08,-0.028420625,-1199.1099625351087,36387.119886398315,13,14.022966852068718,1225.270486089662,1.0656301975250244,2.6568978
0.030693326,-836.6870787642915,160,14.148122,-707.2721339464188,216.01299691200256,0.04993949,0.92542726,0.7800228066784107,0.14369153194331885,222.2753472328186,0.006504127,0.02310776710510254,-5299.058724220842,0.0,5.475642e-09,-0.03069332,-1872.5374871848358,36609.399822473526,9,20.892029889045165,1775.503473771124,1.0293951034545898,2.649582
0.024620503,-822.6062708453507,161,14.149175,-668.3731836397201,260.67500495910645,0.10011826,0.9244409,0.80237963110407,-1.0310832342632863,267.2144527435303,0.0074436725,0.028409957885742188,-5335.224344134331,0.0,-0.0,-0.024620503,-2058.395262926196,36876.618304014206,9,41.02951506011911,1747.7605462751205,1.3661015033721924,2.6496563
