IRLMedianExpertLogQtau,IRLMedianLogQtau,IRLAverageEnergy,Entropy,Perplexity,PolicyExecTime,NumTrajs,OriginalTaskAverageReturn,MaxReturn,AverageDiscountedReturn,IRLLoss,dLoss,AverageReturn,IRLRewardMin,LossBefore,StdReturn,IRLRewardMax,Iteration,ItrTime,AveragePolicyStd,ExplainedVariance,IRLRewardMean,MeanKL,IRLAverageExpertLogQtau,Time,IRLAverageLogQtau,ProcessExecTime,IRLAverageExpertEnergy,EnvExecTime,MeanKLBefore,LossAfter,MinReturn
-1.1357086,-1.1606972,1.472157,1.4189383,4.1327305,0.0550382137298584,10,-832.7471088494949,-130.20195031166077,-96.28468828148671,0.82270396,0.009601250290870667,-147.21568953245878,-5.0369673,-0.14189386367797852,11.938413015646514,-0.075077966,0,1.013270616531372,1.0,1.304911734223424e-11,-1.472157,0.0059838080778717995,-2.0396526,1.0132534503936768,-1.4185443,0.005550861358642578,0.511889,0.03311491012573242,0.0,-0.15149511396884918,-171.63852928578854
-1.148596,-1.1413376,3.165989,1.4185317,4.13105,0.042916297912597656,10,-737.0818562752818,-287.233686208725,-202.38464541438057,0.37283066,0.008977800607681274,-316.59890553951266,-7.15332,-0.1418531984090805,13.104706581768216,0.31663603,1,0.22805404663085938,0.9995935,0.7575270414042515,-3.165989,0.007365630939602852,-1.982946,1.2479524612426758,-1.4001734,0.006053924560546875,0.37494346,0.033486127853393555,0.0,-0.15083099901676178,-336.56473445892334
-1.1192275,-1.109144,3.826127,1.388344,4.0082073,0.04108095169067383,10,-761.7854994161873,-328.49648101627827,-237.55535350921008,0.2408576,0.003835439682006836,-382.61267773360015,-9.739215,-0.13883443176746368,25.936032960730476,1.3696864,2,0.2237720489501953,0.9698687,0.9351850121970081,-3.826127,0.00903258379548788,-1.977632,1.4857192039489746,-1.4051428,0.0057697296142578125,-0.4277187,0.03192400932312012,0.0,-0.14266987144947052,-415.7045454978943
-1.1024884,-1.0748646,4.3790145,1.3608711,3.8995886,0.04116082191467285,10,-802.4109839395107,-310.43727016448975,-268.9890623462419,0.15083556,0.013703331351280212,-437.90148011520506,-8.131416,-0.13608714938163757,53.91069406595871,2.2174149,3,0.21935296058654785,0.9435864,0.9645073345815314,-4.3790145,0.006613557692617178,-1.9978199,1.7124249935150146,-1.383964,0.005501270294189453,-1.1696169,0.0334467887878418,0.0,-0.14979048073291779,-487.3711724281311
-1.0969229,-1.0891118,4.74744,1.3696436,3.9339483,0.04119277000427246,10,-775.2834869228151,-301.58958461880684,-289.7943989391592,0.17510305,0.013932570815086365,-474.74400985836985,-9.960117,-0.1369643360376358,73.94952166826289,2.2695687,4,0.2365891933441162,0.95190024,0.9803940465128869,-4.74744,0.006757813040167093,-1.9782641,1.9563758373260498,-1.3881263,0.005511760711669922,-0.92875916,0.03488659858703613,0.0,-0.15089690685272217,-533.8721733093262
-1.1310138,-1.1074941,4.86781,1.3622895,3.905124,0.03937840461730957,10,-768.0996640258076,-380.7981866300106,-296.75401081485626,0.13632593,0.03266417980194092,-486.78093226104977,-8.642049,-0.13622896373271942,72.76625614598498,2.2844534,5,0.2208709716796875,0.944926,0.9893685770030357,-4.86781,0.008935533463954926,-1.9982907,2.186342477798462,-1.3638115,0.005402565002441406,-1.1943306,0.031331539154052734,0.0,-0.16889314353466034,-552.4199504852295
-1.0857167,-1.0967827,4.652004,1.3564249,3.882289,0.04320859909057617,10,-671.2823126744408,-354.6667017787695,-278.7403675194515,0.17750493,0.02556362748146057,-465.2003728337586,-8.810002,-0.13564251363277435,75.41314583277303,2.2223923,6,0.2175583839416504,0.93940055,0.9825029428405536,-4.652004,0.008378502912819386,-1.9172776,2.4129106998443604,-1.3388106,0.005696535110473633,-1.0099537,0.03226613998413086,0.0,-0.16120614111423492,-589.1038708686829
-1.091777,-1.0772772,5.0063143,1.3407651,3.8219666,0.04660296440124512,10,-732.911644307025,-385.7113198041916,-305.84366100382084,0.11623307,0.02822481095790863,-500.63149523139,-9.281036,-0.1340765506029129,85.88432612071497,1.6520724,7,0.21924543380737305,0.9248045,0.973354549169642,-5.0063143,0.009278328157961369,-1.9095105,2.6394076347351074,-1.3658584,0.005472898483276367,-1.7139819,0.03335309028625488,0.0,-0.16230136156082153,-613.2475161552429
-1.0973067,-1.0677551,5.1733007,1.3394272,3.8168566,0.04439234733581543,10,-714.1318497828897,-255.1767325103283,-317.89924186269184,0.14112678,0.019332289695739746,-517.3300835177303,-9.041485,-0.13394270837306976,136.9981916212263,2.1461372,8,0.21835541725158691,0.92356753,0.9634574134153316,-5.1733007,0.006949369329959154,-1.8624254,2.866577625274658,-1.3475865,0.005578279495239258,-1.3643137,0.03415322303771973,0.0,-0.1532749980688095,-658.574565410614
-1.0664978,-1.0489181,4.653445,1.31995,3.7432342,0.0419611930847168,10,-568.7702333499954,-306.8194616138935,-288.2041131127475,0.2426226,0.01382821798324585,-465.3444708347321,-9.645588,-0.13199497759342194,99.85936827373482,1.3325151,9,0.21399521827697754,0.90575314,0.8545121290085284,-4.653445,0.00671325484290719,-1.8380513,3.088798761367798,-1.317759,0.00546574592590332,-0.63847756,0.03329586982727051,0.0,-0.14582319557666779,-596.3040156364441
-1.0666347,-1.0486482,4.2357903,1.3152827,3.725804,0.04055213928222656,10,-644.4515641358705,-127.07649128139019,-262.3035530894502,0.19248499,0.015672460198402405,-423.5789830513298,-8.132838,-0.13152825832366943,133.8459375506533,2.1356308,10,0.20269274711608887,0.9015353,0.8998578474735571,-4.2357903,0.009337502531707287,-1.8264709,3.312589645385742,-1.2952095,0.005470991134643555,-1.0141655,0.03239631652832031,0.0,-0.14720071852207184,-566.0920577049255
-1.0773199,-1.0325985,4.199915,1.2993823,3.667031,0.04392814636230469,10,-654.0742598762342,-184.88771165162325,-260.10380862835007,0.18123342,0.029794737696647644,-419.99148962944747,-7.2321043,-0.12993822991847992,137.83348407536934,2.5656269,11,0.2130873203277588,0.8873141,0.9471382683206597,-4.199915,0.007309736218303442,-1.8489139,3.5331783294677734,-1.2752981,0.005648374557495117,-1.1693465,0.034261226654052734,0.0,-0.15973296761512756,-559.1434640884399
-1.3437381,-1.0284925,4.2877727,1.3041438,3.6845329,0.04472041130065918,10,-597.98375219101,-211.9121758043766,-265.317334120023,0.21392557,0.03289642930030823,-428.7772037774324,-7.668812,-0.13041439652442932,138.0545007024546,1.8690788,12,0.22117185592651367,0.8915491,0.9079824014083031,-4.2877727,0.008959255181252956,-2.1304996,3.7622246742248535,-1.2830498,0.005625247955322266,-0.40319923,0.03412604331970215,0.0,-0.16331082582473755,-596.2751455307007
-1.1992409,-1.0528638,4.5162826,1.3249387,3.7619545,0.04033708572387695,10,-678.5894761441791,-222.753561347723,-285.382126771149,0.19176754,0.032551586627960205,-451.62825698405504,-6.974586,-0.13249385356903076,115.39163429981755,0.9459636,13,0.20370221138000488,0.91028285,0.9197893439363539,-4.5162826,0.009445471689105034,-1.9334941,3.9796879291534424,-1.3195058,0.0060367584228515625,-0.7707367,0.032620906829833984,0.0,-0.16504544019699097,-553.3505992889404
-1.4092491,-1.0735216,4.574617,1.3490729,3.853851,0.04560089111328125,10,-649.0071645339432,-220.74539917707443,-290.59550549859597,0.18259981,0.01845523715019226,-457.4616570979357,-9.040956,-0.1349073052406311,130.37399218430505,1.24523,14,0.22185349464416504,0.93251896,0.8959251252851372,-4.574617,0.007300118450075388,-2.1196778,4.209080457687378,-1.3430046,0.005963563919067383,-0.9283961,0.03567934036254883,0.0,-0.15336254239082336,-589.3714466094971
-1.2324564,-1.0962118,4.3738,1.3600196,3.8962696,0.04108405113220215,10,-558.8902679766101,-279.3224171027541,-279.7687259981316,0.26732904,0.010927453637123108,-437.37999731600286,-9.666132,-0.13600192964076996,118.70011929503812,1.2742102,15,0.2203991413116455,0.94278306,0.8480733825039113,-4.3738,0.006185694132000208,-1.9076071,4.44285249710083,-1.3684602,0.005650758743286133,-0.31661966,0.03928995132446289,0.0,-0.14692938327789307,-588.1275367736816
-1.2603948,-1.0789955,4.395557,1.3681635,3.92813,0.044058799743652344,10,-622.1993922126895,-277.65980799496174,-276.77052204748986,0.24473812,0.011212021112442017,-439.55573303177954,-8.6301775,-0.1368163675069809,103.57971871193647,1.7607925,16,0.24654936790466309,0.9504926,0.9195899819789422,-4.395557,0.00635111890733242,-1.9268652,4.7015461921691895,-1.3494922,0.0055561065673828125,-0.37312838,0.03295278549194336,0.0,-0.1480283886194229,-543.0438323020935
-1.3300261,-1.0558162,3.7934675,1.3457552,3.8410864,0.0397646427154541,10,-633.0685287657277,-198.8019331395626,-243.0018262202424,0.19875774,0.01569707691669464,-379.34675838053226,-6.8162208,-0.13457553088665009,122.02917764755718,1.4454494,17,0.209700345993042,0.9294309,0.8519076975162163,-3.7934675,0.0067736245691776276,-2.0320199,4.91646933555603,-1.3381008,0.005541086196899414,-0.965241,0.03306150436401367,0.0,-0.15027260780334473,-515.1463303565979
-1.3354977,-1.0602126,3.5936673,1.3318002,3.7878563,0.04208564758300781,10,-591.9355241241371,-208.54332518577576,-227.16302135329087,0.2539661,0.017822101712226868,-359.36672929227353,-6.9976106,-0.13318002223968506,120.9697789100417,1.5434093,18,0.21810650825500488,0.9165499,0.8443146266807047,-3.5936673,0.006849232595413923,-2.0469162,5.142240524291992,-1.310091,0.005573749542236328,-0.5984133,0.033985137939453125,0.0,-0.15100212395191193,-505.9607844352722
-1.4763708,-1.0851063,3.5511148,1.3365571,3.8059177,0.04543185234069824,10,-553.8941799131619,-257.64722134917974,-222.05639901784912,0.28104985,0.012330502271652222,-355.111487659812,-6.4866877,-0.13365565240383148,72.45494264544058,1.0390971,19,0.2276442050933838,0.9209205,0.8835975199871434,-3.5511148,0.008261926472187042,-2.1760442,5.382213830947876,-1.3653926,0.005603313446044922,-0.39330062,0.0352015495300293,0.0,-0.1459861546754837,-473.8437237739563
-1.5378677,-1.0691876,3.872888,1.336773,3.8067396,0.04287290573120117,10,-584.4989932616159,-250.58843395113945,-242.5169907075186,0.24850948,0.01010410487651825,-387.2888322234154,-6.7769547,-0.13367730379104614,68.64872786240602,2.004028,20,0.21754860877990723,0.92111963,0.9247095767719045,-3.872888,0.009465265087783337,-2.21188,5.608789920806885,-1.3426334,0.005657196044921875,-0.47160527,0.03431129455566406,0.0,-0.1437814086675644,-475.2409646511078
-1.3655263,-1.0655476,4.0829563,1.3055347,3.6896615,0.04318571090698242,10,-589.6577263220266,-341.93681268393993,-263.1920299077441,0.19800249,0.014844179153442383,-408.29564254432916,-8.263251,-0.1305534690618515,49.69212459005892,2.3055825,21,0.2228541374206543,0.8927899,0.9110250522390068,-4.0829563,0.004916212987154722,-2.085792,5.840027332305908,-1.2964866,0.005587339401245117,-1.0670105,0.032131195068359375,0.0,-0.14539764821529388,-473.146817445755
-1.3242844,-1.0189457,4.13004,1.2943159,3.6484993,0.041968345642089844,10,-585.2223212592351,-266.8152370005846,-258.98754772937434,0.20287672,0.021652087569236755,-413.0040061675012,-7.7544723,-0.1294316053390503,58.51653141493487,1.6267079,22,0.20331764221191406,0.88282996,0.9179886877426415,-4.13004,0.008102850057184696,-2.0766087,6.052992105484009,-1.2997756,0.005665779113769531,-1.0742813,0.03218650817871094,0.0,-0.15108369290828705,-483.8389344215393
-1.5357116,-1.0294782,3.6615453,1.2878916,3.6251354,0.043605804443359375,10,-502.38358838551295,-288.20431197434664,-230.42642903942607,0.2149487,0.012396112084388733,-366.1545296393335,-7.288914,-0.12878918647766113,34.56131452606738,2.678219,23,0.2120041847229004,0.877177,0.9238645964250276,-3.6615453,0.00841460470110178,-2.2881403,6.272982835769653,-1.3096004,0.005666255950927734,-1.1631058,0.03490877151489258,0.0,-0.14118529856204987,-403.1169159412384
-1.4932358,-1.0249826,3.5899622,1.3006014,3.671504,0.04780864715576172,10,-560.2147815915093,-313.5266134813428,-230.06272777708327,0.19867186,0.013525545597076416,-358.99621641039846,-6.637624,-0.1300601214170456,36.70524602196038,2.4882216,24,0.22563743591308594,0.88839626,0.9526706426330275,-3.5899622,0.007263281848281622,-2.2388766,6.5069310665130615,-1.2696366,0.005481243133544922,-1.2625897,0.033312082290649414,0.0,-0.143585667014122,-426.32380056381226
-1.5480819,-0.9816014,3.7184665,1.2761592,3.5828521,0.04459977149963379,10,-561.6023138937148,-284.8959950208664,-232.22014668215047,0.22530486,0.011561021208763123,-371.8466521501541,-6.6942387,-0.12761591374874115,53.84584679189508,1.7139155,25,0.21615171432495117,0.8669452,0.9366927037328642,-3.7184665,0.006619768217206001,-2.3150365,6.731509208679199,-1.2720659,0.005520820617675781,-0.9057788,0.034008026123046875,0.0,-0.13917693495750427,-461.94959115982056
-1.4649993,-0.98086685,3.8253987,1.2666454,3.5489275,0.04767918586730957,10,-619.3454042948395,-226.62479562312365,-244.54105193303502,0.1975413,0.011418282985687256,-382.539873560518,-7.071048,-0.12666454911231995,69.03345200865424,2.0010266,26,0.2647864818572998,0.8587367,0.8980132525052165,-3.8253987,0.006926842033863068,-2.2454128,7.0058698654174805,-1.2656257,0.005823373794555664,-1.6064018,0.07901620864868164,0.0,-0.1380828320980072,-466.5271317958832
-1.4802461,-0.94465566,3.6807716,1.2436306,3.4681823,0.04553580284118652,10,-585.7436253146867,-270.36848345398903,-230.4193862532862,0.22535895,0.024216577410697937,-368.0771555788815,-6.7846837,-0.12436304986476898,71.28509038746441,1.8331546,27,0.2130122184753418,0.8391987,0.9341400842492664,-3.6807716,0.008875579573214054,-2.2791262,7.2277491092681885,-1.2181555,0.005971193313598633,-1.1761398,0.03405427932739258,0.0,-0.14857962727546692,-496.9308228492737
-1.5115614,-0.9835718,4.130587,1.2480867,3.4836712,0.041595458984375,10,-529.524310273231,-308.5771571174264,-263.77972080144906,0.2034477,0.014605015516281128,-413.0587202683091,-6.978701,-0.1248086541891098,46.93358734342014,1.496678,28,0.20663857460021973,0.8429463,0.9172736744250845,-4.130587,0.008443967439234257,-2.3063614,7.442551612854004,-1.2457442,0.0056989192962646484,-1.493247,0.034854888916015625,0.0,-0.13941366970539093,-468.618287563324
-1.6689662,-0.93779683,3.6912963,1.2097541,3.3526602,0.04597306251525879,10,-468.19166481871036,-301.82041215896606,-235.56484909213924,0.23508842,0.021342486143112183,-369.12961676716805,-7.468402,-0.12097541987895966,36.546674042010864,2.0472276,29,0.22102880477905273,0.81124586,0.9113581622839769,-3.6912963,0.008021020330488682,-2.53102,7.6716248989105225,-1.214808,0.005644798278808594,-0.8033138,0.03459572792053223,0.0,-0.14231790602207184,-412.81190967559814
-1.9601243,-0.96349204,4.379009,1.2225035,3.3956783,0.046999216079711914,10,-670.7596291535152,-236.2622906640172,-276.8319437389599,0.18323736,0.021296091377735138,-437.9009235456586,-7.7498465,-0.12225034087896347,102.63388924397871,1.2226613,30,0.21613621711730957,0.82165456,0.8326235104111492,-4.379009,0.006854443810880184,-2.7784376,7.897280931472778,-1.2644116,0.005640268325805664,-1.1423914,0.03242015838623047,0.0,-0.1435464322566986,-542.6730666160583
-1.958857,-0.9857842,4.051383,1.2461852,3.4770534,0.04389524459838867,10,-588.8927373996906,-348.599485039711,-256.5479094573247,0.17795596,0.027682140469551086,-405.1382619746029,-6.9931536,-0.1246185451745987,61.933943114277,-0.018951006,31,0.21221089363098145,0.8413451,0.859845385829041,-4.051383,0.009784016758203506,-2.7286687,8.1186203956604,-1.2259212,0.005845308303833008,-1.8589168,0.03535938262939453,0.0,-0.15230068564414978,-530.1339287757874
-1.7044241,-1.0164193,3.4141576,1.2608721,3.5284975,0.04230856895446777,10,-460.01686804692537,-271.0560228526592,-219.73326050125235,0.24495691,0.013814345002174377,-341.4157609820366,-6.401366,-0.12608717381954193,33.64975710636302,2.4227855,32,0.21126699447631836,0.8537931,0.9001633456443802,-3.4141576,0.0069831726141273975,-2.4720232,8.338036298751831,-1.3112067,0.0057811737060546875,-1.0750742,0.0354154109954834,0.0,-0.1399015188217163,-398.27051615715027
-1.6792852,-0.99195576,3.5948198,1.2518837,3.4969242,0.041700124740600586,10,-504.9487636676433,-317.6332161873579,-229.35081908716833,0.21615063,0.01733553409576416,-359.4820032685995,-6.7638226,-0.125188410282135,32.216921837314686,2.4035661,33,0.2096233367919922,0.8461533,0.9366412889888203,-3.5948198,0.009176933206617832,-2.477611,8.555095911026001,-1.2535762,0.005631923675537109,-0.97522324,0.03439927101135254,0.0,-0.14252394437789917,-413.6202690601349
-1.565348,-0.9245073,3.799095,1.2152231,3.371046,0.0446624755859375,10,-566.1709534556377,-311.4692460373044,-246.51988911531424,0.21015744,0.023609086871147156,-379.90950285345315,-6.4719596,-0.12152227759361267,41.846144499560836,2.2557518,34,0.22367048263549805,0.8156941,0.9322613044332367,-3.799095,0.009982935152947903,-2.438737,8.786343574523926,-1.2108564,0.006292581558227539,-1.204209,0.03498554229736328,0.0,-0.14513136446475983,-473.9775104522705
-1.5255375,-0.8982082,3.706441,1.200447,3.3216012,0.04643821716308594,10,-506.75994389718016,-319.2485315799713,-234.86174158354498,0.2508956,0.01648245006799698,-370.64408589601516,-5.894845,-0.12004471570253372,33.28008312021114,0.96048677,35,0.2085878849029541,0.80373013,0.946170732590454,-3.706441,0.008434118703007698,-2.4115367,9.002427101135254,-1.1910708,0.005517721176147461,-0.97539794,0.032564640045166016,0.0,-0.1365271657705307,-441.79649209976196
-1.3751849,-0.9371649,3.842408,1.1947193,3.3026307,0.045540809631347656,10,-620.4327152567614,-249.29029639810324,-243.84334625504002,0.22532837,0.015576191246509552,-384.2407892130315,-6.498811,-0.1194719448685646,75.88355748544373,2.6887827,36,0.22324466705322266,0.7991401,0.8775489324129292,-3.842408,0.009256267920136452,-2.275528,9.234206914901733,-1.2280068,0.0060312747955322266,-1.272982,0.03731369972229004,0.0,-0.13504813611507416,-488.15791368484497
-1.129755,-0.9296819,3.905644,1.1859549,3.2738116,0.04399895668029785,10,-634.8925619138258,-306.2253523990512,-251.5135643199538,0.18170056,0.019900374114513397,-390.5644144289196,-6.723047,-0.11859550327062607,69.17556219424294,2.9956129,37,0.22401905059814453,0.7921667,0.9313681380268954,-3.905644,0.0073515609838068485,-2.045123,9.466028213500977,-1.194465,0.005739927291870117,-2.2423882,0.03442740440368652,0.0,-0.13849587738513947,-527.1091675758362
-1.1259155,-0.90310323,3.728327,1.2017211,3.325836,0.04386019706726074,10,-599.1942147827516,-271.1302738189697,-235.86293954686226,0.19810061,0.02792741358280182,-372.8327045738697,-6.7499876,-0.12017212808132172,59.06453360144057,2.0365095,38,0.21674895286560059,0.804755,0.9381183042588832,-3.728327,0.00912563782185316,-1.9920629,9.6903977394104,-1.1977164,0.0058040618896484375,-2.106461,0.03450965881347656,0.0,-0.14809954166412354,-497.74018716812134
-1.330524,-0.9650105,3.469835,1.2199556,3.3870373,0.047699928283691406,10,-533.3407212781651,-310.4458085745573,-220.93151168703608,0.21282618,0.02544931322336197,-346.9835030987859,-6.1481304,-0.12199557572603226,25.091093018137656,1.3999258,39,0.21625757217407227,0.819564,0.9581534821803758,-3.469835,0.006509358994662762,-2.1751244,9.91449236869812,-1.2459342,0.005486726760864258,-1.8562274,0.0329594612121582,0.0,-0.14744488894939423,-378.69577610492706
-1.1874802,-0.9498174,3.8459888,1.2175214,3.3788028,0.043758392333984375,10,-513.2964848252116,-331.2962590456009,-244.04903808676286,0.19950527,0.015411928296089172,-384.5988658070564,-6.3453846,-0.12175212800502777,22.576936923853,2.5735729,40,0.23362326622009277,0.8175714,0.9179675685902482,-3.8459888,0.009766854345798492,-2.022782,10.156009435653687,-1.1801225,0.005846977233886719,-2.1342547,0.03415060043334961,0.0,-0.13716405630111694,-419.0914920568466
-1.20919,-0.91128415,3.7557871,1.2027632,3.3293037,0.04281425476074219,10,-534.0633780087791,-255.2463493347168,-240.23526023041572,0.2054494,0.012597121298313141,-375.5786946058273,-6.333687,-0.1202763244509697,41.962681553093994,2.7279377,41,0.22127509117126465,0.8055942,0.8479793839092609,-3.7557871,0.007527171168476343,-2.0816588,10.389278650283813,-1.2101752,0.005357980728149414,-1.144891,0.03183722496032715,0.0,-0.13287344574928284,-409.32785296440125
-1.0968963,-0.88605195,3.5750883,1.1664182,3.2104728,0.04355311393737793,10,-469.1441238540244,-236.20354743301868,-230.16779858963045,0.23459877,0.021975435316562653,-357.5088461123407,-6.3630757,-0.1166418120265007,43.208438251009696,2.2737517,42,0.22138619422912598,0.7768403,0.8555074837758873,-3.5750883,0.008759720250964165,-2.0581424,10.618941307067871,-1.149136,0.006209135055541992,-0.8554785,0.033164262771606445,0.0,-0.13861724734306335,-395.398428440094
-1.1035991,-0.9569349,3.8051429,1.1894625,3.285315,0.04379773139953613,10,-604.5850747249781,-317.35973930358887,-240.52685607064427,0.17095077,0.011846989393234253,-380.5142950512469,-6.080295,-0.11894623935222626,32.186831912977574,1.0010384,43,0.21092581748962402,0.7949498,0.9300661155028208,-3.8051429,0.006633216980844736,-2.0341709,10.838706493377686,-1.2110158,0.005675315856933594,-2.3739061,0.03415870666503906,0.0,-0.1307932287454605,-430.1030285358429
-1.2276518,-0.8726546,3.733016,1.1640618,3.2029164,0.04447340965270996,10,-579.2999871440895,-318.7628687694669,-238.1163916867094,0.17856862,0.025398336350917816,-373.3016015984118,-6.1357574,-0.1164061650633812,37.29404836532406,3.184386,44,0.21067190170288086,0.77501196,0.9433447438166739,-3.733016,0.009508518502116203,-2.2118003,11.056758880615234,-1.1535586,0.005839109420776367,-2.1882014,0.03480887413024902,0.0,-0.141804501414299,-439.24132537841797
-1.0853665,-0.85606,3.9440413,1.1485512,3.1536207,0.04425978660583496,10,-578.4063616631236,-249.64211893826723,-251.31313751356092,0.20487696,0.011101789772510529,-394.40411082580687,-6.5716443,-0.11485511809587479,53.98466359574892,2.865603,45,0.21831107139587402,0.7630838,0.860781821612387,-3.9440413,0.0070766122080385685,-2.0879593,11.282334804534912,-1.0975163,0.006081104278564453,-1.1781323,0.03490757942199707,0.0,-0.12595690786838531,-448.8974585533142
-1.1613824,-0.8499073,3.5381596,1.1274291,3.0877082,0.043692588806152344,10,-608.2330223277404,-247.5730414390564,-228.667501846116,0.20366055,0.009374164044857025,-353.81595195531844,-6.683373,-0.11274291574954987,68.60150337433393,3.3026974,46,0.2153489589691162,0.7471351,0.8964228086248032,-3.5381596,0.00735302921384573,-2.2538052,11.505807638168335,-1.1198834,0.0055201053619384766,-2.2282696,0.034296274185180664,0.0,-0.12211707979440689,-484.02599239349365
-1.1449016,-0.843089,4.016677,1.076413,2.934136,0.046880245208740234,10,-567.2959157142336,-318.74865578860044,-253.54475755089325,0.23979083,0.025276750326156616,-401.6676640123129,-7.552104,-0.10764127969741821,69.90386581468462,2.0994334,47,0.21271133422851562,0.709975,0.906659247521918,-4.016677,0.006513879634439945,-2.343907,11.725968360900879,-1.0959468,0.006816387176513672,-0.9671842,0.03406929969787598,0.0,-0.13291803002357483,-538.546989440918
-1.1867954,-0.84029424,3.6581864,1.107936,3.028102,0.04557919502258301,10,-573.8533098484088,-234.84745245426893,-235.1575420164358,0.18804264,0.018108762800693512,-365.8186605863273,-6.200557,-0.1107935830950737,74.70268016573995,2.3843167,48,0.22153496742248535,0.7327121,0.8122953996738755,-3.6581864,0.0076386937871575356,-2.3129406,11.954913139343262,-1.1000094,0.005955219268798828,-1.3853563,0.034121036529541016,0.0,-0.1289023458957672,-497.1177134513855
-1.3182001,-0.8375395,4.034418,1.1041582,3.0166838,0.04613637924194336,10,-583.0427975896807,-331.19945101439953,-259.9589677129105,0.15856647,0.019094005227088928,-403.44178811311724,-6.6687675,-0.11041581630706787,47.1836722389562,1.7308416,49,0.22855830192565918,0.7299491,0.9339738786183425,-4.034418,0.007837804965674877,-2.4650645,12.192248344421387,-1.1315116,0.005707979202270508,-2.179725,0.0335845947265625,0.0,-0.1295098215341568,-477.9254148006439
-1.1011884,-0.84706956,4.088207,1.1096469,3.0332873,0.03912353515625,10,-565.7602993930977,-342.32085260748863,-262.8013811217594,0.17461495,0.01933380216360092,-408.82065331041815,-7.435542,-0.11096470803022385,41.29352665464239,1.536502,50,0.20826101303100586,0.73396677,0.9653520038167214,-4.088207,0.00975014641880989,-2.2149963,12.40855073928833,-1.1259316,0.005476236343383789,-1.756086,0.03232312202453613,0.0,-0.13029851019382477,-464.1098482608795
-1.1421357,-0.83046746,3.843628,1.1085092,3.029838,0.04593682289123535,10,-556.1815976464952,-307.8800279200077,-243.05412607978937,0.17299166,0.020561479032039642,-384.3627788066864,-6.5154285,-0.11085090786218643,47.03218019846568,1.9846063,51,0.21262598037719727,0.73313224,0.9500829046176619,-3.843628,0.007413784042000771,-2.2233634,12.628396034240723,-1.1083523,0.005732059478759766,-1.9267541,0.035071372985839844,0.0,-0.13141238689422607,-499.78684639930725
-1.115336,-0.86985266,3.73948,1.123842,3.076652,0.04306173324584961,10,-526.0612246869729,-324.61773467063904,-235.79926732014377,0.17926222,0.013023711740970612,-373.9479800857604,-6.2331767,-0.11238417774438858,30.838514221741992,2.2585921,52,0.22608351707458496,0.74445945,0.9359957224812678,-3.73948,0.007000807672739029,-2.132044,12.861997127532959,-1.110801,0.005662679672241211,-1.7800354,0.03559684753417969,0.0,-0.1254078894853592,-411.0072886943817
-1.0332054,-0.8479949,4.4210725,1.0986384,3.0000784,0.042069196701049805,10,-606.7869588460603,-391.7749582529068,-281.8742802281583,0.15077528,0.0129169300198555,-442.10717510282996,-7.47252,-0.10986381769180298,48.77645505650235,0.1519607,53,0.2032761573791504,0.7259311,0.8928614264172751,-4.4210725,0.006228441372513771,-2.1172235,13.077930450439453,-1.1144675,0.005589962005615234,-2.710766,0.03293800354003906,0.0,-0.12278074771165848,-542.0941076278687
-1.039113,-0.79226303,4.221023,1.07384,2.9265962,0.04320335388183594,10,-523.0895712734815,-387.0343210697174,-262.96566440321965,0.16047694,0.02451237291097641,-422.10231613591316,-6.2698517,-0.10738398879766464,30.643556916460433,3.5714824,54,0.2324357032775879,0.70815057,0.909059589137079,-4.221023,0.009074782021343708,-2.1803682,13.318478345870972,-1.0640035,0.005733013153076172,-2.6414328,0.03531384468078613,0.0,-0.13189636170864105,-468.3344831466675
-1.0015538,-0.82602286,3.8641882,1.085385,2.9605794,0.04127764701843262,10,-639.0317723928803,-311.80003917217255,-245.0170079230576,0.18836015,0.030267737805843353,-386.41882265806197,-6.5440054,-0.10853851586580276,59.22709415228931,1.5077697,55,0.21164917945861816,0.71637356,0.7200903724594713,-3.8641882,0.009348359890282154,-2.142501,13.546009540557861,-1.1026045,0.005537509918212891,-2.8766193,0.031764984130859375,0.0,-0.13880625367164612,-491.7553412914276
-1.1644399,-0.8054339,3.456242,1.0915586,2.9789133,0.042275428771972656,10,-568.7590724843659,-208.19229745864868,-222.66716662925575,0.19464082,0.013006441295146942,-345.6242405295372,-6.2904024,-0.10915588587522507,70.39147408400363,2.9350686,56,0.2122194766998291,0.7208099,0.812624285919979,-3.456242,0.006481208838522434,-2.3007476,13.771943092346191,-1.1010479,0.005677938461303711,-1.8989769,0.03466534614562988,0.0,-0.12216232717037201,-447.39515495300293
-1.1077539,-0.7813127,3.9272037,1.0641831,2.8984704,0.04229927062988281,10,-599.5131878656293,-339.84301433712244,-248.48327914118371,0.17040198,0.014543049037456512,-392.7203637741506,-6.7408695,-0.10641828179359436,39.810994068636695,3.1444926,57,0.21450400352478027,0.7013448,0.9194750699916625,-3.9272037,0.009158078581094742,-2.2842152,13.99368405342102,-1.0726523,0.005864143371582031,-1.8795643,0.034461259841918945,0.0,-0.12096133083105087,-464.427184343338
-1.0996859,-0.7540748,3.927358,1.0380899,2.823818,0.04332923889160156,10,-630.0462718668135,-283.6096269339323,-252.32433580634137,0.14947051,0.019630543887615204,-392.7357841834426,-6.7200637,-0.10380899906158447,68.8083025495009,1.6672518,58,0.23221516609191895,0.6832813,0.917284472466946,-3.927358,0.007008139975368977,-2.3592856,14.233726978302002,-1.0170943,0.005529165267944336,-2.9589612,0.03333282470703125,0.0,-0.12343954294919968,-486.37672448158264
-1.1565917,-0.79209566,3.588811,1.0525506,2.864949,0.04577922821044922,10,-567.4591503777849,-237.7965544834733,-225.5744145723044,0.16897118,0.01716141402721405,-358.88110562339426,-5.975272,-0.10525508970022202,65.23770301277632,1.4665787,59,0.21358108520507812,0.6932338,0.8031594292383745,-3.588811,0.006514889653772116,-2.3917556,14.455152750015259,-1.0492787,0.005695343017578125,-2.1939833,0.03279829025268555,0.0,-0.12241650372743607,-513.3911733627319
-1.0420442,-0.7540426,3.8685372,1.0641919,2.898496,0.04581165313720703,10,-611.7361888571531,-301.59560042619705,-239.0817644776811,0.14560364,0.018003039062023163,-386.85372570976614,-6.026804,-0.10641920566558838,52.74086760581953,1.6017803,60,0.22053885459899902,0.7013512,0.9313912528187596,-3.8685372,0.008716003969311714,-2.2099936,14.683285236358643,-1.026024,0.006576061248779297,-2.657445,0.03515052795410156,0.0,-0.12442224472761154,-439.90914702415466
-1.0305427,-0.79571915,4.0832176,1.0550214,2.8720367,0.045587778091430664,10,-604.5032854218814,-246.2794933617115,-257.1268663071447,0.17254536,0.01723042130470276,-408.32175491452216,-6.482684,-0.10550215095281601,72.3526281812572,2.334798,61,0.22777271270751953,0.69494885,0.8319504251300849,-4.0832176,0.006925629451870918,-2.166277,14.920678853988647,-1.0574647,0.005715370178222656,-2.0149963,0.0363154411315918,0.0,-0.12273257225751877,-535.5047798156738
-1.1379659,-0.7391697,3.8054173,1.0547,2.8711138,0.04241538047790527,10,-516.4196256332945,-342.33988320827484,-235.5720610636929,0.16586113,0.02574668824672699,-380.54172779023645,-5.8475995,-0.10546998679637909,24.635187007046298,2.5802288,62,0.21671438217163086,0.69472533,0.8724944950881084,-3.8054173,0.006611668039113283,-2.2756438,15.158284902572632,-1.0047565,0.005282402038574219,-2.209281,0.03134727478027344,0.0,-0.13121667504310608,-422.8557674884796
-1.1649168,-0.77454185,3.9692798,1.0543891,2.8702211,0.044051170349121094,10,-538.8680850015146,-304.92364670336246,-242.4848843041545,0.19176224,0.01478063315153122,-396.9279834061861,-6.252135,-0.10543892532587051,46.03668048267048,3.6694953,63,0.2204303741455078,0.6945095,0.8960088809264464,-3.9692798,0.006207369267940521,-2.2704675,15.387967348098755,-1.0426111,0.005852222442626953,-1.9698709,0.03379082679748535,0.0,-0.12021955847740173,-477.97892475128174
-1.0646317,-0.7755876,3.7447743,1.0553772,2.8730588,0.042823076248168945,10,-526.9750077745587,-285.5636023208499,-230.3194080244006,0.18113042,0.019318945705890656,-374.4774313919246,-5.968055,-0.10553773492574692,48.93809074449946,2.873202,64,0.20727849006652832,0.6951962,0.9060728577980254,-3.7447743,0.0069969710893929005,-2.15622,15.602731943130493,-1.0245429,0.00562739372253418,-1.9176799,0.03417348861694336,0.0,-0.12485668063163757,-443.0812957286835
-1.0937699,-0.7647597,3.9692793,1.0608464,2.8888152,0.04464244842529297,10,-560.531836648939,-322.942689396441,-246.47854354326432,0.17331877,0.015753909945487976,-396.92794290483,-6.31292,-0.10608462989330292,40.83005230936387,4.1537805,65,0.2173306941986084,0.69900864,0.9209122769941641,-3.9692793,0.00767623633146286,-2.1955671,15.827563285827637,-1.0312124,0.0057981014251708984,-2.2955909,0.035224199295043945,0.0,-0.1218385398387909,-469.10286831855774
-1.1286447,-0.796858,4.021494,1.0483457,2.8529277,0.047522783279418945,10,-555.2337660052399,-359.3295615762472,-254.61300125493298,0.15877497,0.023996613919734955,-402.14941423982384,-6.129881,-0.10483456403017044,23.99637990136093,3.7239387,66,0.22204160690307617,0.69032496,0.9431731438761201,-4.021494,0.006700531579554081,-2.271563,16.057660818099976,-1.0769551,0.005614757537841797,-2.471202,0.033365488052368164,0.0,-0.1288311779499054,-434.02135133743286
-1.4195881,-0.8105307,4.0434003,1.0724075,2.9224067,0.043248891830444336,10,-563.9867619631889,-308.62499033659697,-256.55796094012567,0.19658493,0.032417699694633484,-404.3400362960994,-6.339474,-0.1072407215833664,36.271008852336,2.6835566,67,0.20815062522888184,0.70713687,0.9225636925616733,-4.0434003,0.007463304325938225,-2.5140448,16.274643182754517,-1.0968502,0.005669593811035156,-1.4954188,0.03392958641052246,0.0,-0.13965842127799988,-446.6696481704712
-1.647196,-0.8174468,4.1513934,1.0949043,2.9888966,0.043349266052246094,10,-547.4209962601882,-218.91319928318262,-256.43155419792254,0.18198226,0.020918436348438263,-415.1393945477903,-6.7262917,-0.10949044674634933,85.7885866265086,2.5404184,68,0.21904897689819336,0.7232256,0.7997672109165856,-4.1513934,0.006717620883136988,-2.7336185,16.51172161102295,-1.0974731,0.005539894104003906,-1.7553974,0.038244009017944336,0.0,-0.1304088830947876,-492.8156325817108
-1.8426065,-0.835323,3.6816094,1.0976208,2.9970272,0.04360508918762207,10,-559.6396752611945,-337.97856736183167,-230.5966971534885,0.1668846,0.033586353063583374,-368.16094372272494,-6.1166625,-0.10976210236549377,35.4692698318893,1.7612221,69,0.22107458114624023,0.72519296,0.9168060890914778,-3.6816094,0.009768272750079632,-2.9424958,16.742160081863403,-1.1186581,0.0058019161224365234,-2.7544816,0.0362544059753418,0.0,-0.14334845542907715,-445.4190845489502
-1.0435491,-0.85236573,3.967609,1.1098052,3.0337675,0.04267072677612305,10,-584.2687221322627,-329.367849111557,-251.5616369230836,0.17720133,0.016168862581253052,-396.7608879446983,-6.39083,-0.11098054051399231,36.955678078843206,3.3425908,70,0.23205876350402832,0.7340829,0.8988401020994488,-3.967609,0.007550286129117012,-2.113983,16.983704805374146,-1.1237285,0.005604982376098633,-2.1296723,0.03328657150268555,0.0,-0.12714940309524536,-441.56800508499146
-1.0434315,-0.8089812,4.27446,1.084698,2.9585462,0.043689727783203125,10,-519.1754864976729,-358.74849557876587,-263.2740954214355,0.18044439,0.026456095278263092,-427.44599249437454,-6.793752,-0.10846983641386032,55.709474557608765,2.2389305,71,0.20649981498718262,0.71588165,0.8981399471647561,-4.27446,0.00801340863108635,-2.1973794,17.197929859161377,-1.1058857,0.005460500717163086,-1.645466,0.03240704536437988,0.0,-0.1349259316921234,-511.14325642585754
-1.2664514,-0.8425584,3.890755,1.0851662,2.9599319,0.04223155975341797,10,-619.8682770490813,-307.40372072160244,-250.1867423258797,0.18859611,0.020693473517894745,-389.0754845991731,-6.481355,-0.1085166409611702,47.55054421883136,3.7829366,72,0.21717190742492676,0.716217,0.7243106232557399,-3.890755,0.008568593300879002,-2.4854288,17.42384099960327,-1.1379154,0.006530046463012695,-2.2692153,0.03778696060180664,0.0,-0.12921011447906494,-463.5156157016754
-1.1974249,-0.78732955,3.7984052,1.0672619,2.907408,0.04385948181152344,10,-539.6326869609543,-343.6482959985733,-243.27419956984386,0.18138532,0.026210293173789978,-379.84053545221684,-6.2817793,-0.10672619938850403,20.318475226264784,2.9311697,73,0.21182584762573242,0.70350754,0.9504876626108264,-3.7984052,0.008647299371659756,-2.4551046,17.643378496170044,-1.0731201,0.006262302398681641,-1.9041524,0.036195993423461914,0.0,-0.132936492562294,-411.336442142725
-1.0755218,-0.79785895,3.8551702,1.0953045,2.990093,0.04598116874694824,10,-563.7692545997386,-226.78314232826233,-239.30560918104348,0.19898342,0.013904459774494171,-385.51702803373337,-6.4875183,-0.10953043401241302,56.44894368255181,3.1119137,74,0.21431207656860352,0.7235147,0.9129825682206553,-3.8551702,0.007421863730996847,-2.2460997,17.86567759513855,-1.0527712,0.006147623062133789,-1.2684097,0.035817623138427734,0.0,-0.1234348937869072,-431.99879789352417
-1.3001403,-0.79297805,3.6858954,1.0842371,2.957183,0.048929452896118164,10,-470.9253839159868,-276.2155396640301,-230.19676973156342,0.2129094,0.01936478167772293,-368.5895624473691,-6.378847,-0.10842367261648178,48.034741212114184,3.0030935,75,0.23421978950500488,0.7155517,0.8676626222688224,-3.6858954,0.009387676604092121,-2.5020175,18.10741662979126,-1.1094811,0.005846738815307617,-0.8222043,0.03447771072387695,0.0,-0.1277884542942047,-440.80628776550293
-1.3044182,-0.8074032,4.3613153,1.0730379,2.9242494,0.042073726654052734,10,-566.6742861547791,-395.22497367858887,-273.61808694625825,0.15864028,0.019695580005645752,-436.13153508007525,-7.0557966,-0.10730375349521637,32.74149109843148,-0.28665623,76,0.21559500694274902,0.70758253,0.9338921705984321,-4.3613153,0.008543521165847778,-2.5469422,18.33144783973694,-1.0926318,0.0060994625091552734,-2.4387305,0.03315591812133789,0.0,-0.12699933350086212,-516.2517709732056
-1.1465077,-0.78418994,3.8478975,1.0760183,2.9329782,0.04785752296447754,10,-591.4639425351086,-281.7035479992628,-245.2050162123197,0.19006826,0.023414209485054016,-384.7897567078471,-6.9661613,-0.1076018363237381,52.76398716295517,4.7796197,77,0.23305964469909668,0.70969486,0.8820826284331362,-3.8478975,0.009104515425860882,-2.3740578,18.57259511947632,-1.094854,0.0059566497802734375,-2.130568,0.034932851791381836,0.0,-0.13101604580879211,-487.5451877117157
-1.1417843,-0.82438445,3.7124593,1.0755852,2.931708,0.045381784439086914,10,-563.517494122121,-134.90671780705452,-239.20199363602669,0.20611048,0.01116935908794403,-371.2459324449301,-6.4620886,-0.10755853354930878,86.8649613148252,3.2561648,78,0.2245030403137207,0.7093878,0.7320273431665443,-3.7124593,0.00804988294839859,-2.3972797,18.805989742279053,-1.1051995,0.00600886344909668,-1.6913471,0.036530494689941406,0.0,-0.11872789263725281,-461.30132818222046
-1.2035984,-0.81369597,3.8093562,1.0547067,2.8711329,0.044686317443847656,10,-513.8523769603428,-242.9891671538353,-246.79996031601758,0.23670147,0.019596055150032043,-380.9356231458485,-6.4986243,-0.10547065734863281,84.11873931945368,2.190946,79,0.22578954696655273,0.6947301,0.793419314860483,-3.8093562,0.00617938581854105,-2.5029712,19.04093861579895,-1.073819,0.0059773921966552734,-0.62093633,0.035685062408447266,0.0,-0.12506671249866486,-508.9958748817444
-1.1750169,-0.7905004,4.0004053,1.0483505,2.8529413,0.046009063720703125,10,-558.3569986760182,-307.0401667430997,-253.2364849238998,0.15233092,0.02428422123193741,-400.04052714332937,-6.319231,-0.10483504086732864,70.49908634020079,1.8807402,80,0.22954559326171875,0.6903285,0.8029165439647116,-4.0004053,0.009933019056916237,-2.4889581,19.279293537139893,-1.0713149,0.005610942840576172,-2.245483,0.034615278244018555,0.0,-0.12911926209926605,-592.3687624931335
-1.3554318,-0.772129,3.647549,1.0489092,2.8545356,0.044103384017944336,10,-500.6033567568682,-257.14160802960396,-227.90070943850665,0.2475484,0.022063985466957092,-364.75489403903487,-7.1414776,-0.10489091277122498,50.41459665805945,3.0818605,81,0.22570204734802246,0.690714,0.8231465269083001,-3.647549,0.00805011484771967,-2.7001116,19.513129949569702,-1.063947,0.005918264389038086,-0.709584,0.03605079650878906,0.0,-0.12695489823818207,-448.3409342765808
-1.2586648,-0.7995565,4.0731606,1.0580323,2.880697,0.04297757148742676,10,-569.2504718900639,-344.0064797773957,-261.66173978232564,0.16564278,0.022020310163497925,-407.31607612669467,-6.8176727,-0.10580325126647949,47.154500670945325,1.650699,82,0.21580266952514648,0.69704443,0.9072021019504855,-4.0731606,0.00839539710432291,-2.5672622,19.74441123008728,-1.0510792,0.006211996078491211,-1.8099781,0.03437232971191406,0.0,-0.12782356142997742,-526.9461436271667
-1.1302618,-0.8137376,4.0673447,1.0729035,2.9238567,0.0451350212097168,10,-556.2262812848528,-315.6721292734146,-262.1338248359825,0.14195748,0.020495057106018066,-406.73450630903244,-6.986855,-0.1072903573513031,60.88903262291983,2.633457,83,0.22311854362487793,0.7074878,0.9423186254694554,-4.0673447,0.006412888411432505,-2.381212,19.976573705673218,-1.0869861,0.0062181949615478516,-1.9047785,0.03708338737487793,0.0,-0.12778541445732117,-501.1837668418884
-1.0383612,-0.8013133,4.0129094,1.0776314,2.937713,0.04472827911376953,10,-460.77968181476746,-316.07791167497635,-254.0513828468463,0.19053707,0.014123864471912384,-401.2909187875688,-7.181092,-0.1077631488442421,41.18909043070951,2.9147866,84,0.22056865692138672,0.7108405,0.9246455093808144,-4.0129094,0.006445158272981644,-2.2608008,20.209325551986694,-1.0800306,0.006000041961669922,-1.3354381,0.036838531494140625,0.0,-0.12188701331615448,-453.176591694355
-1.0244358,-0.7910457,3.847257,1.0720911,2.9214823,0.043077707290649414,10,-520.5670921715177,-351.42425203323364,-246.58867937183555,0.16481344,0.006726503372192383,-384.7256813645363,-6.4644966,-0.10720909386873245,21.985040998920987,1.371493,85,0.2188253402709961,0.7069131,0.9594859548543146,-3.847257,0.006641782354563475,-2.2933354,20.435890913009644,-1.0519518,0.006228923797607422,-2.319625,0.03686642646789551,0.0,-0.11393559724092484,-417.6273173093796
-1.0544012,-0.77926016,4.0032945,1.0384618,2.8248684,0.04313969612121582,10,-559.6923484859259,-357.32319819927216,-254.64735615992953,0.15123706,0.009091362357139587,-400.3294408082962,-6.9519663,-0.10384619235992432,30.49615103738723,2.5753613,86,0.2379138469696045,0.6835355,0.9361901098326414,-4.0032945,0.007199551444500685,-2.4016356,20.682615041732788,-1.0368619,0.005697488784790039,-2.9860446,0.035433292388916016,0.0,-0.1129375547170639,-461.6246346235275
-1.0154774,-0.7479428,3.798586,1.0170001,2.7648878,0.040996551513671875,10,-500.046845391075,-324.1523312404752,-238.42734686180046,0.16789915,0.023208141326904297,-379.8585833258927,-6.387457,-0.10170001536607742,43.1057727441838,2.3395054,87,0.20432233810424805,0.6690219,0.919602965723699,-3.798586,0.009922914206981659,-2.4353552,20.895634174346924,-0.9870596,0.0055391788482666016,-1.9808356,0.03223729133605957,0.0,-0.12490815669298172,-472.31606817245483
-1.0011699,-0.7761946,3.9039,1.029337,2.7992096,0.04546952247619629,10,-578.3917419461451,-307.95070051401854,-249.67095018357833,0.14811744,0.012556962668895721,-390.3900138542056,-6.990993,-0.10293369740247726,63.427523533212195,3.4655533,88,0.21528244018554688,0.67732686,0.7522359940766616,-3.9039,0.006739065516740084,-2.4093308,21.119344234466553,-1.0571404,0.005795001983642578,-2.3254297,0.035549163818359375,0.0,-0.11549066007137299,-553.1538498401642
-0.9750721,-0.7682433,3.6672084,1.0263737,2.790927,0.04542684555053711,10,-447.5840407946656,-217.67655885964632,-231.2056758825774,0.2629243,0.0192200168967247,-366.72083184048535,-6.672059,-0.10263737291097641,78.06622424062833,2.7772477,89,0.22136664390563965,0.67532265,0.7592388234941008,-3.6672084,0.009660782292485237,-2.3726368,21.34822726249695,-1.0365853,0.005779266357421875,-0.47448072,0.035028934478759766,0.0,-0.12185738980770111,-450.376353263855
-1.0080925,-0.74144447,3.9272544,1.0121706,2.751567,0.042310237884521484,10,-561.0757316587724,-246.60054601728916,-255.94316624008053,0.19044223,0.026669904589653015,-392.72544119507074,-6.84989,-0.10121701657772064,53.961740609346826,3.5033073,90,0.21179723739624023,0.6657985,0.8801349750561658,-3.9272544,0.008838081732392311,-2.4852717,21.56784462928772,-1.0140586,0.005595207214355469,-1.9734926,0.03400278091430664,0.0,-0.12788692116737366,-453.05398416519165
-1.0070996,-0.7423084,3.642141,1.0312636,2.8046074,0.04867053031921387,10,-513.8141128609506,-240.21087142825127,-230.29176521103864,0.20702036,0.017712824046611786,-364.21409867703915,-6.469451,-0.10312637686729431,59.39730508515732,3.80272,91,0.2179577350616455,0.67863303,0.8538562868761632,-3.642141,0.009952900931239128,-2.4519432,21.79422664642334,-0.97847074,0.005872011184692383,-1.4112587,0.0351865291595459,0.0,-0.1208392009139061,-422.0635678768158
-1.0342731,-0.7176658,4.2883506,1.0269797,2.7926185,0.044072628021240234,10,-502.63331588126937,-359.8936480358243,-274.1241142931602,0.14444691,0.017761170864105225,-428.8350661881268,-6.8717065,-0.10269799083471298,45.12059076205591,2.9731638,92,0.21612548828125,0.6757321,0.8692439912249179,-4.2883506,0.008119131438434124,-2.5162776,22.01862382888794,-1.0165082,0.005723476409912109,-1.7753267,0.034398555755615234,0.0,-0.1204591616988182,-498.8486611843109
-1.0281968,-0.7540344,4.0908804,1.0245192,2.7857559,0.045027732849121094,10,-481.7040219576522,-273.35986913740635,-264.9132891079828,0.20556946,0.009819358587265015,-409.0880350515246,-7.7360516,-0.10245197266340256,61.61231800485294,2.966566,93,0.25455546379089355,0.67407143,0.7719015835811838,-4.0908804,0.008218892849981785,-2.5013196,22.282331466674805,-1.034524,0.005873441696166992,-1.2252258,0.03558039665222168,0.0,-0.11227133125066757,-462.3372151851654
-1.0215151,-0.7107821,3.9302666,1.0168086,2.7643585,0.04611825942993164,10,-486.5557562520683,-207.0710188150406,-253.95062059744237,0.2056308,0.015789560973644257,-393.0266613915563,-6.661309,-0.10168086737394333,76.18713716862841,3.489363,94,0.24046802520751953,0.6688939,0.6584682342702366,-3.9302666,0.006554093211889267,-2.5236518,22.54171347618103,-0.98296034,0.007559299468994141,-1.2394516,0.03523755073547363,0.0,-0.11747042834758759,-505.77096152305603
-1.0073218,-0.7254993,3.8768094,1.0091811,2.7433536,0.04488658905029297,10,-475.5437268753691,-346.48711025714874,-247.4928136000977,0.17082332,0.01426776498556137,-387.68093119859697,-6.547715,-0.10091815888881683,40.9965108922865,3.4323056,95,0.24332690238952637,0.6638113,0.923729328055938,-3.8768094,0.006954077631235123,-2.5380518,22.803895950317383,-0.9840916,0.006176948547363281,-1.398759,0.03649640083312988,0.0,-0.1151859238743782,-490.0173234939575
-1.0260388,-0.71927017,3.7923524,0.99613184,2.7077873,0.0446019172668457,10,-527.1281086154913,-298.95500242710114,-241.7871925153851,0.15037748,0.00987941026687622,-379.2352710127831,-6.717102,-0.09961318969726562,40.45744936455884,1.3097992,96,0.22028374671936035,0.65520513,0.9274677387174997,-3.7923524,0.006745778024196625,-2.6119993,23.03960371017456,-0.9737885,0.005789518356323242,-2.546919,0.03407883644104004,0.0,-0.10949259996414185,-438.5339295864105
-1.0715346,-0.67889047,3.567287,0.9551629,2.599094,0.0476984977722168,10,-561.3677318273052,-322.01758432388306,-227.4477998579418,0.14647877,0.02452625334262848,-356.72869250178337,-6.4870086,-0.09551627933979034,29.13185706228954,-0.43478966,97,0.24119949340820312,0.6289044,0.9577191058842935,-3.567287,0.009336830116808414,-2.8458865,23.28850817680359,-0.9637493,0.00618290901184082,-3.9011164,0.03646707534790039,0.0,-0.12004253268241882,-424.8141281604767
-1.0943452,-0.71311593,3.7038126,0.96852106,2.634046,0.048480987548828125,10,-513.9456622901478,-293.22768534719944,-238.5801887634522,0.20601879,0.020321115851402283,-370.3812528088689,-6.7379417,-0.09685209393501282,48.02882385803493,4.166101,98,0.22663235664367676,0.63736194,0.8599293116273488,-3.7038126,0.007814194075763226,-2.7990427,23.525227785110474,-0.95112616,0.006131887435913086,-1.6545703,0.03589582443237305,0.0,-0.1171732097864151,-459.2970218658447
-1.0732212,-0.68083966,4.1194816,0.95480543,2.598165,0.04915761947631836,10,-564.7850906326197,-381.8173813819885,-261.86947122702645,0.12359712,0.017744198441505432,-411.94812937900423,-6.9259853,-0.09548056125640869,51.29961716246601,0.2831043,99,0.24437713623046875,0.62868005,0.9063322575382514,-4.1194816,0.006758300121873617,-2.8294587,23.777717113494873,-0.9412655,0.006790637969970703,-2.65252,0.03791666030883789,0.0,-0.11322475969791412,-560.7508573532104
-1.0494106,-0.7023752,4.043324,0.96287084,2.619205,0.04615187644958496,10,-568.1852135816268,-336.2280512601137,-261.7603127687346,0.14579935,0.016429655253887177,-404.332443164289,-7.0114484,-0.09628709405660629,61.24424226530013,1.6927261,100,0.2569234371185303,0.633771,0.9293153483677555,-4.043324,0.0067258127965033054,-2.7434878,24.043971300125122,-0.97976357,0.005713224411010742,-2.2600398,0.032944679260253906,0.0,-0.11271674931049347,-521.8244495391846
-1.0300581,-0.69393694,4.198534,0.9520082,2.5909076,0.04724454879760742,10,-569.2497066079711,-339.667185485363,-268.1932429582127,0.13127472,0.0192667618393898,-419.8533992469311,-6.8850365,-0.0952007994055748,74.23183436567366,1.0768876,101,0.23497486114501953,0.62692356,0.8602950355028022,-4.198534,0.00900136586278677,-2.8074386,24.28489661216736,-0.9787362,0.006012916564941406,-3.2887,0.035845279693603516,0.0,-0.1144675612449646,-604.5068736076355
-1.0952728,-0.6991948,4.013848,0.9515819,2.5898032,0.05048823356628418,10,-530.2672601572548,-291.4885834157467,-253.99080629535382,0.15903588,0.025820069015026093,-401.3847503870726,-6.6938376,-0.0951581597328186,73.47921792950959,2.1140854,102,0.23102545738220215,0.6266564,0.8380630126473311,-4.013848,0.008587704040110111,-2.886017,24.523431062698364,-0.9706599,0.00608515739440918,-1.8324469,0.03670382499694824,0.0,-0.1209782287478447,-582.206211566925
-1.1095701,-0.72703516,3.8068852,0.9882257,2.6864636,0.053160905838012695,10,-464.1831957718121,-171.24392648041248,-240.7582859144748,0.20370154,0.02436280995607376,-380.68851357251407,-7.0778112,-0.09882255643606186,71.54541534694897,2.6690743,103,0.2366952896118164,0.65004545,0.8261159018868177,-3.8068852,0.006423658225685358,-2.7928824,24.76866054534912,-0.98563147,0.00619053840637207,-1.0664389,0.036522626876831055,0.0,-0.12318536639213562,-429.98062658309937
-1.0536106,-0.7068496,3.328192,0.99017817,2.691714,0.04787731170654297,10,-497.930258518757,-110.12464326620102,-209.51546504449567,0.25948673,0.01946641504764557,-332.8191971063614,-6.9268165,-0.09901781380176544,83.25555074420788,3.091042,104,0.23609137535095215,0.65131605,0.8343526044024843,-3.328192,0.0063939993269741535,-2.7004125,25.014052152633667,-0.9718154,0.007558584213256836,-0.8306031,0.0352320671081543,0.0,-0.11848422884941101,-411.67397952079773
-1.0993984,-0.7168087,4.263245,0.97598183,2.6537714,0.0560450553894043,10,-573.7788562632287,-355.7189247608185,-273.8320448704459,0.12602536,0.020826131105422974,-426.32449423074723,-7.9590063,-0.09759818017482758,47.485959440758286,0.6583948,105,0.26412129402160645,0.642135,0.9067538071981882,-4.263245,0.009900622069835663,-2.821275,25.288016319274902,-0.9764525,0.007548332214355469,-2.8228369,0.03863167762756348,0.0,-0.11842431128025055,-545.0113077163696
-1.1125088,-0.7130581,3.9141748,0.978446,2.6603189,0.040531158447265625,10,-538.4405957219193,-340.23904007673264,-248.20161859464883,0.16416475,0.01678960770368576,-391.4174737736583,-6.3229837,-0.09784459322690964,54.015206710224675,3.0581868,106,0.25145649909973145,0.6437194,0.9341828776162405,-3.9141748,0.006810356397181749,-2.8423448,25.54953169822693,-0.98959583,0.0054056644439697266,-1.6981453,0.03148460388183594,0.0,-0.1146342009305954,-545.0132541656494
-1.1544161,-0.6880791,3.8090003,0.9604198,2.612793,0.043879032135009766,10,-460.0175990100039,-320.07916659861803,-240.37405152067836,0.15751742,0.0293569415807724,-380.900024600327,-6.991183,-0.09604202210903168,28.616239771159982,2.0327218,107,0.2068791389465332,0.6322195,0.9161188158845849,-3.8090003,0.00992266833782196,-2.9592474,25.764291763305664,-0.9745125,0.005803346633911133,-1.946581,0.0319361686706543,0.0,-0.12539896368980408,-438.3125352859497
-1.1168097,-0.7126765,3.5044568,0.9671314,2.630388,0.04543662071228027,10,-479.5567914969426,-131.89474526792765,-227.2396820592243,0.27631834,0.019372902810573578,-350.4456930629909,-7.367822,-0.0967130959033966,94.02672296564651,3.007577,108,0.21649813652038574,0.6364768,0.5011115752903048,-3.5044568,0.008762050420045853,-2.858359,25.988598346710205,-0.9909163,0.005902528762817383,-0.8667283,0.03505659103393555,0.0,-0.11608599871397018,-422.8809531927109
-1.1279038,-0.7204386,3.7772555,0.9866906,2.6823428,0.045592546463012695,10,-512.425874640179,-320.28707145899534,-241.9957039234642,0.17665467,0.020850136876106262,-377.7255600146949,-6.1581383,-0.09866903722286224,52.556244049703736,2.8540645,109,0.22583746910095215,0.6490487,0.7458889217296223,-3.7772555,0.009291699156165123,-2.8360145,26.222318649291992,-0.9763526,0.006018400192260742,-1.4150984,0.03617739677429199,0.0,-0.1195191740989685,-517.4633169174194
-1.0955124,-0.7093073,4.0324373,0.985218,2.6783957,0.04362034797668457,10,-550.1282358222202,-370.71609830856323,-259.48337895522855,0.13544661,0.020986855030059814,-403.2437316074967,-7.590291,-0.09852179884910583,26.021044701133505,-0.18097271,110,0.20979666709899902,0.64809334,0.9578411778720742,-4.0324373,0.006869256962090731,-2.7883217,26.440007209777832,-0.9764765,0.0056040287017822266,-2.9378624,0.03252816200256348,0.0,-0.11950865387916565,-468.3461630344391
-1.0865417,-0.7001852,3.9005718,0.97045994,2.639158,0.04420971870422363,10,-474.51282367380884,-252.8651762753725,-243.25909477018095,0.19202976,0.0077635422348976135,-390.05718372613194,-7.3541884,-0.09704601019620895,48.88300478721926,2.3896186,111,0.23344659805297852,0.638599,0.9397389576641157,-3.9005718,0.007082781754434109,-2.8179052,26.681632041931152,-0.9638246,0.005719184875488281,-1.3346201,0.033707618713378906,0.0,-0.10480955243110657,-433.0149230957031
-1.0972037,-0.6387559,3.9222703,0.9409533,2.562423,0.04014921188354492,10,-502.93357988728724,-328.5092128440738,-247.39570262932207,0.1538152,0.02366790920495987,-392.2270213350654,-7.233657,-0.09409534931182861,37.028262506429755,2.3532536,112,0.22241830825805664,0.6200314,0.9445870608029172,-3.9222703,0.009832991287112236,-3.0045702,26.911489486694336,-0.9181106,0.005755901336669922,-1.6615748,0.031807899475097656,0.0,-0.11776325851678848,-476.9542770385742
-1.1576952,-0.6918311,3.6641302,0.94448173,2.5714803,0.04696345329284668,10,-468.35442997069885,-314.8878280520439,-233.55653449647858,0.18659182,0.02078549563884735,-366.4130140662193,-6.8304996,-0.09444819390773773,30.375453212616986,2.085674,113,0.23508834838867188,0.62222296,0.9522945413629038,-3.6641302,0.009656164795160294,-3.050152,27.16167974472046,-0.97048056,0.0055751800537109375,-1.6250559,0.032163381576538086,0.0,-0.11523368954658508,-427.0522689819336
-1.1762041,-0.6516961,4.10768,0.92699265,2.5268984,0.04021286964416504,10,-520.8737828957445,-322.64132058620453,-261.11650271894524,0.1750138,0.027048617601394653,-410.7679823577404,-6.9418716,-0.09269928187131882,39.06991255935735,2.6631708,114,0.21089792251586914,0.61143553,0.8970292858778819,-4.10768,0.0067703514359891415,-3.1392794,27.38225507736206,-0.8890712,0.005869150161743164,-1.3124597,0.032868146896362305,0.0,-0.11974789947271347,-491.9738368988037
-1.1358638,-0.66067046,3.9422407,0.92701465,2.5269542,0.04463839530944824,10,-520.7838361341522,-299.3916934430599,-250.42404629746096,0.155529,0.02382706105709076,-394.224092951417,-7.2123575,-0.09270147979259491,54.22750874612935,3.7901814,115,0.2558560371398926,0.611449,0.8619853664863115,-3.9422407,0.009771148674190044,-3.0786145,27.645931005477905,-0.9143589,0.005845546722412109,-2.032252,0.036270856857299805,0.0,-0.11652854084968567,-531.7222130298615
-1.11535,-0.6080017,3.8426085,0.90411025,2.4697335,0.04721331596374512,10,-446.95524821652134,-277.9005945622921,-244.55258425127727,0.16948825,0.01725434511899948,-384.26084038168193,-6.941767,-0.09041107445955276,49.59920197998789,3.5250127,116,0.23981356620788574,0.5976033,0.8199083216992801,-3.8426085,0.009080841206014156,-3.109178,27.894527673721313,-0.88502866,0.0059697628021240234,-1.6737916,0.034899234771728516,0.0,-0.10766541957855225,-482.8695795536041
-1.1116929,-0.60641384,3.7915733,0.87526345,2.3995073,0.04845762252807617,10,-467.87939235475886,-223.67986182123423,-245.959546206634,0.21587406,0.01818835735321045,-379.15733183920383,-7.0704966,-0.0875263512134552,55.62725877569266,2.9930286,117,0.24192428588867188,0.5806106,0.8044523503328178,-3.7915733,0.009572532959282398,-3.2247975,28.146497011184692,-0.8821705,0.005949735641479492,-1.0233799,0.03505825996398926,0.0,-0.10571470856666565,-437.49503207206726
-1.1767695,-0.5366369,3.850838,0.8598548,2.3628175,0.04498910903930664,10,-482.48056748060856,-371.4434822797775,-244.9430019865205,0.1504459,0.022291667759418488,-385.08381067812445,-6.603255,-0.08598547428846359,13.377294386630703,1.4587562,118,0.21509337425231934,0.57173264,0.9559760643673612,-3.850838,0.00981150008738041,-3.3963208,28.370639085769653,-0.7818989,0.005623579025268555,-2.6209652,0.03344535827636719,0.0,-0.10827714204788208,-411.1535747051239
-1.1965697,-0.57791734,3.6108434,0.8565061,2.3549185,0.04693961143493652,10,-509.5583009422031,-188.02273746579885,-234.10475231282527,0.20108266,0.008719108998775482,-361.0843557558954,-6.3390884,-0.08565058559179306,66.40704111532033,2.5120742,119,0.25382089614868164,0.5698213,0.7975969487665842,-3.6108434,0.006414035800844431,-3.4119148,28.63400673866272,-0.8166501,0.006093502044677734,-1.5883473,0.03525209426879883,0.0,-0.09436969459056854,-444.02796030044556
-1.2742715,-0.5415803,3.9032197,0.80873877,2.2450747,0.04463076591491699,10,-468.79734966576797,-250.7907093167305,-251.4718950252492,0.1892969,0.014830060303211212,-390.3219909846783,-6.8867874,-0.08087388426065445,49.79327305472854,3.3221278,120,0.22873258590698242,0.54324245,0.8320035235324501,-3.9032197,0.006587598938494921,-3.7408364,28.874004125595093,-0.8190655,0.005766868591308594,-1.0849146,0.03396344184875488,0.0,-0.09570394456386566,-443.18831300735474
-1.289192,-0.54907894,3.8492675,0.80725026,2.2417352,0.04804348945617676,10,-529.5302982969386,-273.94674015045166,-247.52637592726205,0.17323983,0.016399897634983063,-384.926760327816,-6.5273733,-0.0807250440120697,65.39565751600051,4.1032696,121,0.24840307235717773,0.54243433,0.8441490266596717,-3.8492675,0.009451835416257381,-3.7558372,29.132814168930054,-0.8216859,0.006225109100341797,-2.0120778,0.039060354232788086,0.0,-0.09712494164705276,-541.2122473716736
-1.2598958,-0.536144,3.8155255,0.8080571,2.2435448,0.0434565544128418,10,-504.25586413671897,-289.7199839800596,-243.92988725174365,0.18812032,0.026871919631958008,-381.55256884694097,-6.516812,-0.08080574125051498,33.354270015942085,3.861787,122,0.22666263580322266,0.5428723,0.8702752528161132,-3.8155255,0.007125156465917826,-3.7011,29.36781120300293,-0.8272346,0.005739450454711914,-1.7662613,0.032605886459350586,0.0,-0.10767766088247299,-417.95439553260803
-1.2586229,-0.52089125,3.7088423,0.8083982,2.2443101,0.047495365142822266,10,-492.8110592565846,-197.6877156496048,-240.24659257783202,0.17394032,0.014559812843799591,-370.88423424363134,-6.3329926,-0.08083980530500412,60.96198605662433,3.8503346,123,0.25262022018432617,0.5430574,0.7833119332419649,-3.7088423,0.006525774952024221,-3.6555352,29.63110089302063,-0.7762225,0.006539106369018555,-1.7562886,0.03876161575317383,0.0,-0.09539961814880371,-417.32378017902374
-1.2173426,-0.5339918,3.5523849,0.8064157,2.239865,0.0425267219543457,10,-418.6451226791572,-231.1647776067257,-230.91361420846042,0.19670625,0.017936356365680695,-355.23850352168085,-6.323101,-0.08064155280590057,52.593176440412485,3.2499235,124,0.2268357276916504,0.5419818,0.7976788753358617,-3.5523849,0.007369111757725477,-3.6054204,29.869628190994263,-0.7979475,0.005646705627441406,-1.1460717,0.0319674015045166,0.0,-0.09857790917158127,-414.7197466492653
-1.2127262,-0.5143624,3.5866127,0.8050945,2.2369077,0.046021461486816406,10,-473.57375533129743,-339.10421085357666,-227.19160214761752,0.1646119,0.02770794928073883,-358.6612814337015,-6.082752,-0.08050943911075592,13.913240001071355,2.8558884,125,0.23798441886901855,0.5412663,0.9495111703559288,-3.5866127,0.006512712687253952,-3.6624641,30.119845151901245,-0.7533579,0.006602048873901367,-1.674548,0.034540653228759766,0.0,-0.10821738839149475,-381.5238399505615
-1.2033815,-0.5135344,3.6226082,0.80878353,2.2451751,0.045638084411621094,10,-509.24732023797833,-319.8959741592407,-231.08208412060708,0.15928791,0.020396582782268524,-362.2608022212982,-6.19746,-0.08087832480669022,29.246369354755956,2.4763544,126,0.23694348335266113,0.54326665,0.9395257671525576,-3.6226082,0.009598668664693832,-3.6287103,30.366687536239624,-0.7941052,0.0060312747955322266,-1.7269789,0.03487229347229004,0.0,-0.10127490758895874,-431.9476776123047
-1.1579435,-0.5410979,3.7828703,0.8043824,2.2353156,0.05476546287536621,10,-536.2914415189074,-293.40224511921406,-241.95300817143442,0.15892254,0.027038775384426117,-378.28702309280635,-6.517311,-0.08043824136257172,28.949278485260837,1.622031,127,0.2667407989501953,0.540881,0.9308143892447449,-3.7828703,0.006636771373450756,-3.6595411,30.642980813980103,-0.8168232,0.006432294845581055,-1.7257007,0.03749990463256836,0.0,-0.10747701674699783,-399.68518805503845
-1.1390591,-0.54187906,3.8929286,0.81564355,2.2606301,0.04381895065307617,10,-480.6471963600764,-311.25305849313736,-248.17749963930532,0.167797,0.024736709892749786,-389.29285483956335,-7.280454,-0.08156437426805496,29.430612241947955,4.126587,128,0.2287282943725586,0.5470065,0.8907464770199096,-3.8929286,0.009719870053231716,-3.5421484,30.87836742401123,-0.793658,0.00586390495300293,-1.5728058,0.033187150955200195,0.0,-0.10630108416080475,-416.5115993618965
-1.2030221,-0.5274167,3.9569101,0.8115227,2.2513335,0.04611992835998535,10,-512.5036960515915,-360.7241924107075,-250.64264915237368,0.13537058,0.025627896189689636,-395.69101755917075,-6.619376,-0.0811522826552391,26.633609720737343,1.3257987,129,0.21502161026000977,0.5447568,0.9691805820431488,-3.9569101,0.0073307049460709095,-3.6471477,31.103516101837158,-0.80297595,0.005716800689697266,-2.7428045,0.03249645233154297,0.0,-0.10678017884492874,-454.76017451286316
-1.1930408,-0.55077654,4.017493,0.8142089,2.2573893,0.045732975006103516,10,-564.7912822067426,-284.6493815332651,-256.49188767126304,0.16670738,0.01483260840177536,-401.7492498129606,-6.458157,-0.0814208835363388,75.1512007672753,3.7038646,130,0.2444286346435547,0.54622203,0.7267994536672886,-4.017493,0.006856044754385948,-3.593231,31.35766053199768,-0.80907375,0.006188631057739258,-1.5079051,0.034230709075927734,0.0,-0.09625349193811417,-525.4044184684753
-1.1613314,-0.5179946,4.2657866,0.8090268,2.2457213,0.038961172103881836,10,-575.8204335192704,-360.31444096565247,-275.07503887054344,0.13599724,0.011802472174167633,-426.57868341207507,-6.825088,-0.08090268075466156,73.74291186678096,0.5792525,131,0.20927667617797852,0.5433988,0.9356771075038464,-4.2657866,0.006400445941835642,-3.522212,31.580413818359375,-0.8130268,0.005623340606689453,-2.3944247,0.030800819396972656,0.0,-0.0927051529288292,-597.0242600440979
-1.142122,-0.529868,3.7610662,0.793003,2.2100232,0.04265928268432617,10,-458.75059842001866,-273.29183062165976,-239.64583239199993,0.16118522,0.02044350653886795,-376.1066098801792,-6.850571,-0.07930029928684235,36.4304403448438,3.9979532,132,0.20881986618041992,0.5347609,0.8854726354474782,-3.7610662,0.006560786161571741,-3.5371523,31.7978994846344,-0.80532974,0.005903720855712891,-2.3129683,0.03508734703063965,0.0,-0.0997438058257103,-406.59961235523224
-1.1670449,-0.51263493,3.810874,0.7919312,2.2076557,0.04508233070373535,10,-499.4751601570789,-298.5764135941863,-241.84077377653426,0.14198534,0.02703745663166046,-381.0874246194959,-6.2893205,-0.07919308543205261,55.772979600982865,1.32797,133,0.22608423233032227,0.53418815,0.8328271228590474,-3.810874,0.00906926766037941,-3.5775414,32.0339457988739,-0.78452957,0.00583648681640625,-2.7322938,0.03588056564331055,0.0,-0.10623054206371307,-474.9674241542816
-1.1364295,-0.55367595,3.9416187,0.8226563,2.2765388,0.044608354568481445,10,-485.00603646462116,-359.1275419071317,-249.13359528140086,0.15430854,0.024611949920654297,-394.16187247112396,-6.9753857,-0.08226563781499863,29.150417667266957,2.1036232,134,0.2150108814239502,0.5508557,0.9569585658746366,-3.9416187,0.009400272741913795,-3.4135761,32.25671172142029,-0.8487225,0.005614519119262695,-2.2640612,0.03308391571044922,0.0,-0.10687758773565292,-468.7784171104431
-1.1085426,-0.5953717,4.158821,0.826782,2.2859507,0.04587912559509277,10,-575.048138931092,-347.08462658524513,-269.77194430605226,0.14443266,0.02039375901222229,-415.8821426808834,-6.721643,-0.08267819136381149,50.84893872239872,3.145786,135,0.21135592460632324,0.5531331,0.9030610038779866,-4.158821,0.00977461040019989,-3.339943,32.47583794593811,-0.8584902,0.00571441650390625,-2.9858503,0.03549075126647949,0.0,-0.10307195037603378,-515.6905364990234
-1.1627932,-0.56685424,3.9142332,0.84876406,2.336757,0.04375028610229492,10,-492.2659823453306,-333.5948280468583,-247.59114046880995,0.15245177,0.02192508429288864,-391.4233232535422,-6.4571323,-0.0848764032125473,19.913061403586827,1.4015888,136,0.21085071563720703,0.56542677,0.9620809193097034,-3.9142332,0.00961460079997778,-3.365761,32.6969690322876,-0.85812134,0.0056400299072265625,-2.5757935,0.0336759090423584,0.0,-0.10680148750543594,-406.8372941017151
-1.1802573,-0.5460973,3.7377584,0.8329427,2.3000772,0.04371809959411621,10,-562.586272878685,-308.31646820902824,-243.34646354264083,0.13674152,0.019756533205509186,-373.77583392560484,-6.4277296,-0.08329425007104874,31.342974772011853,-0.16511515,137,0.21019887924194336,0.5565514,0.9441764864282773,-3.7377584,0.006532332394272089,-3.4515126,32.91465973854065,-0.7925082,0.005859851837158203,-3.6979198,0.03421616554260254,0.0,-0.10305078327655792,-423.20802450180054
-1.1970075,-0.58374727,3.6750362,0.8416019,2.3200805,0.04470086097717285,10,-481.1763913555669,-335.7421610429883,-232.21963476800647,0.14702548,0.020044341683387756,-367.50359982326626,-6.333106,-0.08416019380092621,27.481073673860468,0.960128,138,0.2351844310760498,0.5613915,0.9526621669576899,-3.6750362,0.006556537467986345,-3.481378,33.15811467170715,-0.8324016,0.005751848220825195,-2.8503296,0.03499341011047363,0.0,-0.10420453548431396,-414.8688762187958
-1.2273564,-0.61321354,3.4116561,0.84151167,2.3198712,0.041492462158203125,10,-422.66443834960074,-189.70851171016693,-214.65096274647468,0.2331256,0.018764540553092957,-341.1656503222883,-6.6171985,-0.08415117114782333,76.32432624404257,3.8595204,139,0.21048617362976074,0.5613408,0.6531752322411614,-3.4116561,0.009602860547602177,-3.5319445,33.38433623313904,-0.8668793,0.006096601486206055,-1.148584,0.03155255317687988,0.0,-0.10291571170091629,-514.8559260368347
-1.2221234,-0.5470618,3.6138575,0.83710635,2.3096738,0.04195857048034668,10,-372.0673300631933,-139.2063065469265,-226.03917058317947,0.2559937,0.008707061409950256,-361.3857301056385,-7.1260924,-0.08371063321828842,85.25158296604477,2.4676747,140,0.2068634033203125,0.5588733,0.7468668528510959,-3.6138575,0.007487314287573099,-3.5447235,33.60151028633118,-0.7877384,0.0058286190032958984,0.06020339,0.034767866134643555,0.0,-0.09241769462823868,-437.7691762447357
-1.2523243,-0.5147669,3.9180918,0.8000824,2.2257242,0.043837785720825195,10,-550.5413574072588,-194.23408091068268,-257.35399826513077,0.21275371,0.014308467507362366,-391.80918484926224,-7.4429784,-0.08000829815864563,81.26559520009577,2.996918,141,0.23319315910339355,0.53856033,0.7778535773240071,-3.9180918,0.006594047881662846,-3.7297454,33.84406590461731,-0.799392,0.005685091018676758,-0.86682737,0.03444361686706543,0.0,-0.094316765666008,-546.8737840652466
-1.220215,-0.54394543,3.2495544,0.79592097,2.2164814,0.04286527633666992,10,-442.9061521030585,-161.07240863889456,-213.69120821309085,0.2672652,0.021874628961086273,-324.9554550871253,-6.0838003,-0.07959209382534027,70.87945806812306,2.396073,142,0.22333478927612305,0.53632355,0.6984366233049126,-3.2495544,0.009992959909141064,-3.7014718,34.08158206939697,-0.80213034,0.006268739700317383,-0.24742334,0.03315258026123047,0.0,-0.10146672278642654,-383.3556525707245
-1.2021945,-0.53053725,3.7761607,0.7970523,2.2189903,0.04090142250061035,10,-472.5931846794448,-321.5750301480293,-236.43904152645428,0.1517822,0.02261447161436081,-377.6160789012909,-6.433871,-0.07970523089170456,36.67969257604497,1.7539225,143,0.22215771675109863,0.5369307,0.77990729300186,-3.7761607,0.0072583104483783245,-3.6228778,34.32360506057739,-0.8243096,0.0056116580963134766,-1.882856,0.03307032585144043,0.0,-0.10231970250606537,-426.31795263290405
-1.1842275,-0.5360795,3.7414057,0.79640776,2.2175605,0.04323768615722656,10,-529.0530129858939,-242.68822979927063,-240.70281406887307,0.17183979,0.017692409455776215,-374.14057131409646,-6.9980245,-0.07964079827070236,53.387811213108535,3.8751261,144,0.21255993843078613,0.5365848,0.8087012474229668,-3.7414057,0.009940294548869133,-3.6347368,34.54539465904236,-0.8005393,0.005750417709350586,-1.7242119,0.03454113006591797,0.0,-0.09733320772647858,-458.2126202583313
-1.1470191,-0.5445689,3.5748706,0.7992362,2.2238417,0.0431675910949707,10,-475.40248929791204,-318.28017731010914,-226.4652873635696,0.17774625,0.01482110470533371,-357.4870686218143,-6.7296443,-0.07992363721132278,19.92730604341215,1.5444118,145,0.21269011497497559,0.5381046,0.9473214432459015,-3.5748706,0.006480648182332516,-3.57311,34.76597809791565,-0.8056464,0.0060307979583740234,-1.3664392,0.03593277931213379,0.0,-0.0947447419166565,-393.07024335861206
-1.186448,-0.5123192,3.9944751,0.7837388,2.1896436,0.04117751121520996,10,-505.3946076223603,-320.02917171269655,-256.0389656829707,0.13857666,0.02659473568201065,-399.44753598049283,-6.7307386,-0.07837385684251785,40.2230484658456,1.6872034,146,0.21718049049377441,0.52982956,0.9244731781890894,-3.9944751,0.00979797262698412,-3.727788,34.99092078208923,-0.7822187,0.006150722503662109,-1.910118,0.04244399070739746,0.0,-0.1049685925245285,-467.7065279483795
-1.1762707,-0.5199508,3.8193028,0.7864139,2.195509,0.051917314529418945,10,-445.94084111749135,-290.8812690228224,-244.454572119766,0.20616539,0.031521156430244446,-381.9302784912288,-6.534526,-0.0786413848400116,50.991770953883815,4.506781,147,0.23492813110351562,0.5312489,0.8454768398107603,-3.8193028,0.009405591525137424,-3.6848507,35.2338547706604,-0.7917159,0.006776571273803711,-1.7169633,0.039040327072143555,0.0,-0.11016254127025604,-477.99218225479126
-1.1848538,-0.5081978,3.7536721,0.78651136,2.195723,0.04606223106384277,10,-517.0455288753816,-303.98537687957287,-243.95477091560232,0.16367996,0.019631624221801758,-375.3672186180949,-6.392162,-0.07865113765001297,46.94255215665393,2.5438411,148,0.23268485069274902,0.5313006,0.8972696721167868,-3.7536721,0.009539909660816193,-3.803495,35.47481966018677,-0.8013212,0.006055355072021484,-1.8313414,0.034996747970581055,0.0,-0.09828276187181473,-486.594735622406
-1.1832408,-0.50659627,3.6559024,0.78283775,2.1876714,0.044261932373046875,10,-424.52959108528694,-218.1282114982605,-231.86902670856347,0.22112711,0.020654328167438507,-365.59021850824354,-6.485232,-0.07828376442193985,55.965798130595616,2.4119306,149,0.23175716400146484,0.5293523,0.7777498302387102,-3.6559024,0.009917274117469788,-3.7437649,35.71695518493652,-0.7768446,0.00599360466003418,-0.60876596,0.03540182113647461,0.0,-0.09893809258937836,-440.37814474105835
-1.1813493,-0.5212946,3.8943622,0.7772656,2.1755154,0.042731523513793945,10,-416.0478360832282,-348.0439876317978,-244.28564085054904,0.13583033,0.01962149888277054,-389.4362357228994,-6.3458915,-0.0777265802025795,28.083587400713636,1.473084,150,0.22655677795410156,0.526411,0.9424548822902391,-3.8943622,0.006410019937902689,-3.8174384,35.95324945449829,-0.78943163,0.006307840347290039,-1.9337773,0.03427004814147949,0.0,-0.09734807908535004,-449.61631202697754
-1.2259283,-0.4973405,3.3409543,0.75002867,2.1170607,0.04374241828918457,10,-368.2919548860455,-199.32186779379845,-206.77467180566683,0.2967687,0.01739160716533661,-334.09544456601145,-6.4209213,-0.07500290125608444,82.6670902710036,2.9664712,151,0.23627209663391113,0.5122667,0.6205548598737347,-3.3409543,0.006677829660475254,-4.008021,36.1985023021698,-0.7694094,0.006175994873046875,-0.28631017,0.036448001861572266,0.0,-0.09239450842142105,-482.14563488960266
-1.2398939,-0.47924086,3.7150414,0.7578917,2.1337729,0.04411911964416504,10,-486.70930980576486,-256.40659725666046,-232.9724949242728,0.17360488,0.030154742300510406,-371.50415048599245,-6.237727,-0.07578916847705841,44.45316669256177,3.3669531,152,0.2372722625732422,0.5163107,0.9251798278006101,-3.7150414,0.00956756342202425,-3.9846637,36.4457643032074,-0.7452148,0.00598907470703125,-1.402348,0.03497195243835449,0.0,-0.10594391077756882,-436.1726133823395
-1.249363,-0.49733996,3.5527353,0.7893717,2.2020125,0.03925442695617676,10,-437.9540039490529,-161.71006312966347,-220.21827782286695,0.20202294,0.014665447175502777,-355.2735318958759,-6.4465566,-0.07893716543912888,67.32221070876682,3.2140193,153,0.23201894760131836,0.5328226,0.8766731921821329,-3.5527353,0.006745058111846447,-3.8338284,36.68911957740784,-0.7766373,0.005623579025268555,-1.0207053,0.03227376937866211,0.0,-0.09360261261463165,-408.1279298067093
-1.3796415,-0.5261351,3.3989823,0.7932765,2.2106276,0.04416513442993164,10,-437.10953077719057,-1.043286271393299,-214.8959297172937,0.25565103,0.013203784823417664,-339.89820963814856,-6.3521914,-0.07932763546705246,119.92801940568322,2.5857356,154,0.23779964447021484,0.5349072,0.5880610610662136,-3.3989823,0.009442350827157497,-4.0362186,36.93812537193298,-0.7817194,0.005988597869873047,-0.57493436,0.03454422950744629,0.0,-0.09253142029047012,-407.9923644065857
-1.292582,-0.51364404,3.4417021,0.80097586,2.2277138,0.042829275131225586,10,-417.3282416479116,-271.25078561902046,-212.67717568132215,0.18202557,0.018117375671863556,-344.17020754143596,-6.306935,-0.08009758591651917,27.580345553647348,3.3132443,155,0.22168922424316406,0.5390416,0.8508486097042325,-3.4417021,0.006550106219947338,-3.8324206,37.16908669471741,-0.7754879,0.006032705307006836,-1.5829242,0.03439474105834961,0.0,-0.09821496158838272,-369.20892667770386
-1.2738726,-0.5072627,3.7442744,0.79718965,2.2192953,0.044393301010131836,10,-472.0838850065993,-290.6309668123722,-238.21864256740804,0.17084154,0.014034152030944824,-374.4274700850248,-6.7123637,-0.07971896231174469,61.401947527120456,3.3377326,156,0.2157917022705078,0.5370044,0.7596466649416255,-3.7442744,0.006712405942380428,-3.8495035,37.41288471221924,-0.763646,0.0060882568359375,-1.3571239,0.03511762619018555,0.0,-0.09375311434268951,-538.4471435546875
-1.2763479,-0.5134685,4.4550242,0.78461045,2.191553,0.04151296615600586,10,-551.8106863588137,-313.4634993746877,-288.43005889496595,0.1548468,0.018258854746818542,-445.5024241633713,-6.8521185,-0.07846102863550186,70.74097023867795,3.4121642,157,0.23787808418273926,0.5302916,0.8816967779360273,-4.4550242,0.009527879767119884,-3.9234927,37.65982723236084,-0.78378713,0.005873203277587891,-1.3513211,0.03535747528076172,0.0,-0.0967198833823204,-611.9553709030151
-1.2570343,-0.4904685,3.3567822,0.7932164,2.2104948,0.04720616340637207,10,-459.1188663870527,-229.48771455138922,-213.88701531882347,0.2507773,0.022371582686901093,-335.67822553515435,-6.589836,-0.07932162284851074,80.70862568291622,2.4250033,158,0.23368406295776367,0.5348749,0.7263154300384639,-3.3567822,0.009882902726531029,-3.8463511,37.90935754776001,-0.77509314,0.0076541900634765625,-0.5741597,0.03601670265197754,0.0,-0.10169320553541183,-539.7108421325684
-1.2827858,-0.5271499,4.137221,0.7973916,2.2197435,0.04844546318054199,10,-593.403513915848,-309.06619226932526,-263.65797826594167,0.13621052,0.01317363977432251,-413.72204188108446,-6.497979,-0.07973915338516235,117.04442771204482,1.7809647,159,0.24088716506958008,0.5371128,0.8033343495426047,-4.137221,0.006774464156478643,-3.874549,38.1581597328186,-0.7859199,0.005997896194458008,-1.9947494,0.03661489486694336,0.0,-0.09291279315948486,-595.0415081977844
-1.3257096,-0.521649,4.255939,0.7702885,2.1603894,0.0445101261138916,10,-545.418212956313,-350.66896748542786,-268.9408784155857,0.13141079,0.015550293028354645,-425.5939064651728,-6.5842404,-0.07702887058258057,84.57467134957237,-0.27801803,160,0.23225831985473633,0.522751,0.9109735895915664,-4.255939,0.006498757284134626,-4.064327,38.39858150482178,-0.79221606,0.006554365158081055,-2.362782,0.03462791442871094,0.0,-0.09257916361093521,-591.1934289932251
-1.372848,-0.50227237,3.7372353,0.7710867,2.1621146,0.0462188720703125,10,-526.8628393713941,-269.6214666366577,-239.9477454728698,0.20682067,0.013455830514431,-373.7235454931855,-6.535407,-0.07710866630077362,105.1666771558767,3.028333,161,0.23690366744995117,0.52316844,0.8006693785846987,-3.7372353,0.006476666312664747,-4.1872196,38.65009927749634,-0.75101453,0.0059967041015625,-1.1768845,0.036780357360839844,0.0,-0.09056449681520462,-578.7823719978333
-1.2753342,-0.5178925,3.5816855,0.77098113,2.1618862,0.04305291175842285,10,-409.8707185057212,-276.9903830140829,-229.0436359918756,0.20333156,0.02015390247106552,-358.16858231127264,-6.525044,-0.07709812372922897,38.666466809201054,2.6910477,162,0.23565149307250977,0.5231133,0.7209880329131763,-3.5816855,0.00985816027969122,-3.9940548,38.89341068267822,-0.7348748,0.0058803558349609375,-0.93669766,0.03412294387817383,0.0,-0.0972520262002945,-433.35924673080444
-1.2935026,-0.5521322,4.335003,0.7674875,2.1543467,0.041341543197631836,10,-475.5384417601225,-363.008901193738,-269.97659349580283,0.14462271,0.02361438423395157,-433.5002797409892,-7.1689215,-0.076748788356781,63.80719657049595,1.5615767,163,0.2142775058746338,0.52128893,0.8110126173223593,-4.335003,0.008538278751075268,-4.047055,39.11587476730347,-0.83452123,0.005896806716918945,-1.6310723,0.033750057220458984,0.0,-0.10036317259073257,-603.5460357666016
-1.2222438,-0.51593196,4.0813046,0.7927602,2.2094867,0.04535341262817383,10,-495.4127133599259,-342.18511487543583,-260.5738228184056,0.15596418,0.026278115808963776,-408.13047005981207,-6.989315,-0.07927604019641876,45.12289242509722,3.2735972,164,0.23375916481018066,0.5346312,0.9366973445292587,-4.0813046,0.006962556857615709,-3.7781923,39.357402324676514,-0.8095022,0.006470203399658203,-1.5507311,0.03587031364440918,0.0,-0.10555415600538254,-489.9092984199524
-1.1547616,-0.54319024,3.852177,0.8105754,2.2492018,0.05015921592712402,10,-469.84053557390655,-330.5576636791229,-245.11807938536975,0.1368282,0.021863490343093872,-385.21770498305557,-6.7416587,-0.08105754107236862,34.40738676486911,1.045052,165,0.24244308471679688,0.544241,0.9527084264199271,-3.852177,0.0073551395907998085,-3.5830512,39.60953736305237,-0.82665586,0.007087230682373047,-2.2830753,0.03789186477661133,0.0,-0.1029210314154625,-439.79760575294495
-1.169209,-0.5271466,4.1605988,0.80731577,2.241882,0.0454862117767334,10,-571.0527132943844,37.51001609861851,-265.07528961574286,0.29692733,0.022472724318504333,-416.059878192842,-7.342601,-0.0807315856218338,189.65052103612123,2.6330822,166,0.2269899845123291,0.5424699,0.4900767509035844,-4.1605988,0.00933496281504631,-3.5626047,39.86117148399353,-0.8551151,0.006950855255126953,-0.39223838,0.03717947006225586,0.0,-0.10320430994033813,-679.7797355651855
-1.1102831,-0.54445887,3.7637231,0.81212896,2.252699,0.050502777099609375,10,-469.9020114843221,-82.08118752390146,-243.04128789879366,0.2220142,0.014523148536682129,-376.372309307009,-7.168167,-0.08121290802955627,105.0162382516755,2.6895435,167,0.2635200023651123,0.5450873,0.5691714585190737,-3.7637231,0.009974352084100246,-3.4278512,40.1327691078186,-0.82984513,0.006700754165649414,-0.69568455,0.04021763801574707,0.0,-0.0957360565662384,-490.3856692314148
-1.1448603,-0.5623746,4.1834,0.8064366,2.239912,0.05547595024108887,10,-591.2468112156678,-99.17690534889698,-271.4437452892985,0.19379689,0.02404104918241501,-418.34000063091514,-7.204109,-0.0806436613202095,174.66566815106813,2.9161096,168,0.26894593238830566,0.54199314,0.6723739166856888,-4.1834,0.009995223954319954,-3.5166364,40.41088914871216,-0.8235571,0.00706791877746582,-1.0535654,0.04437971115112305,0.0,-0.10468471050262451,-663.4008102416992
-1.2672257,-0.5267809,3.983461,0.7941812,2.2126286,0.05680227279663086,10,-553.8179185390005,-317.89229476451874,-256.7895209245506,0.13781714,0.019543759524822235,-398.3460854522884,-7.7364,-0.0794181227684021,95.3452696531894,0.3497927,169,0.2673001289367676,0.53539133,0.8198111449075793,-3.983461,0.0075223702006042,-3.7706854,40.69598698616028,-0.80724436,0.00771784782409668,-2.295025,0.04300546646118164,0.0,-0.09896188229322433,-586.2365374565125
-1.3441851,-0.5205128,4.13379,0.7949353,2.2142978,0.05964779853820801,10,-469.10755843891445,-342.7573609724641,-264.59381719518797,0.138543,0.027835451066493988,-413.3790220953524,-7.4244523,-0.07949353009462357,60.84715433883417,1.8552811,170,0.29370665550231934,0.5357953,0.939097338095231,-4.13379,0.00954628549516201,-3.8832898,40.99854135513306,-0.804183,0.008063077926635742,-1.9077172,0.04270792007446289,0.0,-0.10732898116111755,-585.5767402648926
-1.347612,-0.51356876,3.5632148,0.7944039,2.2131214,0.05602288246154785,10,-520.8519675860741,-182.20890392363071,-234.89175186700396,0.1999079,0.022868365049362183,-356.3214914098382,-6.979996,-0.07944037765264511,72.52084400576439,3.1293645,171,0.2662358283996582,0.5355105,0.7812788579894878,-3.5632148,0.006450305692851543,-3.876218,41.27225852012634,-0.7961422,0.006524801254272461,-1.1143504,0.03779101371765137,0.0,-0.1023087427020073,-462.47779989242554
-1.2291591,-0.52594686,3.9294486,0.7950367,2.2145221,0.04128122329711914,10,-440.09868478405144,-283.8202574849129,-248.90440112582797,0.1734825,0.018761299550533295,-392.9448493778706,-7.6016254,-0.07950368523597717,47.713018983332255,1.9687083,172,0.2211930751800537,0.5358497,0.8612720011310062,-3.9294486,0.006571787875145674,-3.6723328,41.50194597244263,-0.77763605,0.00580596923828125,-1.2364355,0.03357839584350586,0.0,-0.09826498478651047,-475.95221614837646
-1.1950018,-0.5330808,3.556389,0.80024534,2.226087,0.04515814781188965,10,-434.6519122605805,-174.6732578277588,-222.2036152462686,0.25227365,0.01732426881790161,-355.6389178544283,-7.335911,-0.08002453297376633,80.33287021424263,2.8648124,173,0.24273419380187988,0.53864807,0.8574661615321759,-3.556389,0.00977022759616375,-3.6002898,41.75463533401489,-0.81638277,0.006165981292724609,-0.57763165,0.03517723083496094,0.0,-0.09734880179166794,-466.15139865875244
-1.1248926,-0.5162673,3.3086503,0.79876804,2.2228007,0.04149985313415527,10,-421.5377125048846,-185.05567800998688,-216.46607639933472,0.25903884,0.022432975471019745,-330.8650021016598,-6.9244165,-0.07987682521343231,67.34625851510098,2.2369854,174,0.2177109718322754,0.53785276,0.8468089248040566,-3.3086503,0.006528875324875116,-3.5164328,41.98115563392639,-0.80596006,0.0055332183837890625,-0.26219183,0.033203125,0.0,-0.10230980068445206,-426.7511955499649
-1.1508403,-0.53299797,3.6311843,0.8082791,2.2440429,0.046135663986206055,10,-450.944764104924,-332.1857384443283,-232.3762388924582,0.16674432,0.02704519033432007,-363.1184382148087,-6.7009764,-0.08082793653011322,25.569368532258288,1.6629868,175,0.21567153930664062,0.5429927,0.868197151579555,-3.6311843,0.007128091063350439,-3.5062456,42.205204010009766,-0.8087742,0.005822181701660156,-2.0218446,0.03425288200378418,0.0,-0.10787312686443329,-425.32649302482605
-1.1416928,-0.51273906,3.3290894,0.81235987,2.2532191,0.04620003700256348,10,-489.5913952583636,-210.34463807940483,-209.6251098656425,0.2202376,0.016680613160133362,-332.9089487120509,-6.6892366,-0.08123598247766495,59.41113302808156,3.0766873,176,0.21427130699157715,0.54521316,0.8599558453759455,-3.3290894,0.006666288245469332,-3.481137,42.42718029022217,-0.7905429,0.00580596923828125,-1.2257941,0.03391265869140625,0.0,-0.09791659563779831,-430.57936108112335
-1.1170632,-0.49930775,3.2821944,0.7874546,2.1977952,0.04420733451843262,10,-487.0589354162236,-25.725762456655502,-217.38662584171735,0.27884853,0.026895329356193542,-328.21944273114207,-6.478513,-0.07874546200037003,105.71153493375311,2.080215,177,0.22990107536315918,0.5318021,0.6054608089472899,-3.2821944,0.00644291378557682,-3.5188208,42.664639472961426,-0.7851447,0.005922555923461914,-0.41739166,0.03714728355407715,0.0,-0.10564079135656357,-430.63151931762695
-1.1688905,-0.50410223,3.51457,0.7924036,2.2086987,0.04312634468078613,10,-467.35138593725844,-131.55830866098404,-224.75052549756688,0.2099726,0.023107662796974182,-351.45700404047966,-6.749421,-0.0792403295636177,84.29761724752983,2.8150601,178,0.23928618431091309,0.5344406,0.6858283400707654,-3.51457,0.006712335627526045,-3.576164,42.91485929489136,-0.7952089,0.005669116973876953,-0.95531076,0.033089637756347656,0.0,-0.10234799236059189,-491.8101456165314
-1.1467981,-0.529938,3.699769,0.7899447,2.2032745,0.06022334098815918,10,-409.18608929297153,-196.0761616230011,-230.3086624449639,0.18821694,0.029840849339962006,-369.97690085172655,-6.64231,-0.07899448275566101,58.79400375306328,2.936625,179,0.268322229385376,0.5331279,0.8705789267553601,-3.699769,0.009875954128801823,-3.5747578,43.196213245391846,-0.7948556,0.007071256637573242,-1.0062107,0.03880906105041504,0.0,-0.10883533209562302,-411.7215440273285
-1.0955667,-0.5290206,3.4426136,0.79340523,2.2109122,0.05153965950012207,10,-381.68164410892865,-165.96186956763268,-222.501024274395,0.22864437,0.012533582746982574,-344.26135271787643,-6.453773,-0.07934051752090454,69.66269655077039,2.318555,180,0.2555825710296631,0.53497595,0.7898896207875477,-3.4426136,0.006543019786477089,-3.4049296,43.461230993270874,-0.8139511,0.009175539016723633,-0.3708147,0.038392066955566406,0.0,-0.09187410026788712,-425.1655948162079
-1.1304467,-0.51161194,3.706502,0.7925466,2.2090147,0.055776119232177734,10,-474.6000231226347,-260.905844733119,-237.5723334694716,0.15507384,0.01727735996246338,-370.650176410377,-6.930487,-0.079254649579525,39.165499455163214,2.8676498,181,0.296398401260376,0.5345169,0.9534738706338343,-3.706502,0.006652419921010733,-3.478209,43.76706886291504,-0.80148804,0.0068340301513671875,-2.1300116,0.04099607467651367,0.0,-0.09653200954198837,-410.5111846923828
-1.1598499,-0.50460184,3.5778182,0.7814721,2.184686,0.05708909034729004,10,-439.22612826471175,-89.6369734480977,-231.72517268735078,0.21154167,0.010877199470996857,-357.7818067997694,-6.5841665,-0.07814721763134003,93.8475777949641,2.8619683,182,0.24399447441101074,0.52863014,0.6525617466339155,-3.5778182,0.006531421560794115,-3.552741,44.017738580703735,-0.7424517,0.00881052017211914,-0.9430872,0.04228043556213379,0.0,-0.08902441710233688,-460.4971287250519
-1.1234093,-0.46859795,3.5354605,0.75977904,2.1378038,0.04549574851989746,10,-465.83207797977275,-312.43104815483093,-224.19257222672508,0.16008882,0.01720666140317917,-353.5460498526692,-6.207882,-0.07597793638706207,32.91255224720361,2.2668252,183,0.2337493896484375,0.5172859,0.8812079302075778,-3.5354605,0.006422738078981638,-3.5505323,44.26042294502258,-0.7384404,0.00687718391418457,-1.9841819,0.03660178184509277,0.0,-0.09318459779024124,-427.94608974456787
-1.1368265,-0.47174695,3.8387535,0.7518825,2.120989,0.04245448112487793,10,-545.5788466124602,-337.01586997509,-249.65949663284272,0.15688938,0.026683352887630463,-383.87533115148545,-6.561888,-0.07518824189901352,32.92650472100526,1.0247725,184,0.2422471046447754,0.5132171,0.9491178511885094,-3.8387535,0.006640112958848476,-3.6348028,44.52355170249939,-0.75492394,0.00580143928527832,-2.6157336,0.03146839141845703,0.0,-0.10187159478664398,-456.2314989566803
-1.1336632,-0.43829745,3.056226,0.7443908,2.1051586,0.03942298889160156,10,-413.27140653326325,-87.48304760456085,-195.51947061651103,0.29021788,0.027325525879859924,-305.6226247444749,-6.490577,-0.07443910092115402,78.59854345800984,2.1252162,185,0.2026960849761963,0.50938696,0.5880901296407226,-3.056226,0.008885123766958714,-3.635902,44.73730540275574,-0.691953,0.0055751800537109375,-0.51898396,0.031616926193237305,0.0,-0.10176462680101395,-351.93821239471436
-1.1210055,-0.49630007,3.8308446,0.76560915,2.1503038,0.04914498329162598,10,-432.57236674293324,-267.46311461925507,-248.89160190263243,0.17336136,0.021178171038627625,-383.0844783231616,-6.336996,-0.07656091451644897,49.7198426989435,3.7364995,186,0.22058606147766113,0.5203105,0.7214880857714342,-3.8308446,0.009800300933420658,-3.4694526,44.972673416137695,-0.7439464,0.006921052932739258,-1.6393543,0.03318285942077637,0.0,-0.0977390855550766,-479.1902370452881
-1.1238947,-0.4893966,3.8854263,0.772709,2.165625,0.049172163009643555,10,-473.6332981573776,-314.4803416803479,-248.83999130316306,0.141781,0.016550108790397644,-388.54261019304397,-6.565218,-0.07727091759443283,28.244056075626684,0.3046675,187,0.2871222496032715,0.5240178,0.9477121777032274,-3.8854263,0.00687825633212924,-3.4086864,45.26718258857727,-0.75359446,0.006272554397583008,-1.6167642,0.03534507751464844,0.0,-0.09382102638483047,-429.9700303077698
-1.1261544,-0.5057585,3.6920023,0.76039064,2.1391118,0.04825615882873535,10,-482.36540527361524,-327.6998138278723,-236.46510101694412,0.1494532,0.022579967975616455,-369.2002200089395,-6.3738327,-0.07603906840085983,23.618332865443293,1.1529078,188,0.24719643592834473,0.5176024,0.9675576562872095,-3.6920023,0.006496261339634657,-3.4818797,45.52086591720581,-0.77543175,0.005989551544189453,-2.4993114,0.035239458084106445,0.0,-0.09861903637647629,-416.04293739795685
-1.1477256,-0.47020966,3.7069037,0.74812233,2.1130288,0.05269217491149902,10,-497.58941086246097,-295.4091655239463,-234.16329815941225,0.14015795,0.019180946052074432,-370.690394141525,-6.2888966,-0.07481221109628677,30.697727012765174,1.0726051,189,0.2510566711425781,0.5112911,0.962817754050374,-3.7069037,0.009871992282569408,-3.554996,45.78053522109985,-0.750214,0.006521940231323242,-2.0522723,0.039864540100097656,0.0,-0.0939931571483612,-417.1547021865845
-1.1170968,-0.4764709,3.5273867,0.7482451,2.1132882,0.047414541244506836,10,-432.1741294990837,-133.05611646175385,-226.43983381262984,0.2480141,0.02401786297559738,-352.7386687397957,-6.536356,-0.07482448220252991,88.41098825198362,2.5778918,190,0.2672462463378906,0.51135397,0.6619797862465626,-3.5273867,0.0070393881760537624,-3.4601848,46.057657957077026,-0.77096766,0.006241798400878906,-0.5492641,0.03533649444580078,0.0,-0.09884234517812729,-449.8601965904236
-1.0682108,-0.49566284,3.6878564,0.7544445,2.12643,0.05156254768371582,10,-428.6955439832291,-258.326465010643,-231.2592615932396,0.17333408,0.020942769944667816,-368.78565130233767,-6.461572,-0.07544446736574173,37.62440876675452,3.996643,191,0.24655866622924805,0.51453394,0.9556135694188735,-3.6878564,0.006807246711105108,-3.3244817,46.30970811843872,-0.76256347,0.006067514419555664,-1.5372504,0.03495001792907715,0.0,-0.09638723731040955,-392.70279717445374
-1.0595989,-0.47260398,3.3511648,0.75688654,2.1316292,0.051598310470581055,10,-450.531624637916,-192.9600806236267,-214.27085506273005,0.21179505,0.011699140071868896,-335.1164651751518,-7.0516624,-0.07568866014480591,60.293844146554164,3.3398747,192,0.25078654289245605,0.5157919,0.7638736718144108,-3.3511648,0.00687333382666111,-3.280714,46.579198122024536,-0.7824482,0.006479501724243164,-1.3844733,0.03910541534423828,0.0,-0.0873878002166748,-392.41287112236023
-1.0389612,-0.42458588,3.8067603,0.71358144,2.0412889,0.05006074905395508,10,-548.9210364268334,-300.1771660000086,-248.7459047302496,0.16504146,0.02266387641429901,-380.6760162368417,-6.5594826,-0.07135813683271408,39.7752163372163,3.0752435,193,0.2650156021118164,0.49393222,0.9323301389047749,-3.8067603,0.00690700626000762,-3.4711692,46.853208780288696,-0.7548283,0.006757974624633789,-2.0204694,0.03542470932006836,0.0,-0.09402201324701309,-452.0952079296112
-1.0154595,-0.43760836,3.580385,0.7189507,2.0522785,0.04242897033691406,10,-469.7192054194634,-304.4888664186001,-230.6602101206985,0.15705012,0.017591960728168488,-358.03849729001524,-6.123681,-0.07189510762691498,40.90658472036328,2.1456516,194,0.20861577987670898,0.49659142,0.8145179099954776,-3.580385,0.006590347271412611,-3.414372,47.06772804260254,-0.69657844,0.005736827850341797,-1.9333365,0.03312182426452637,0.0,-0.08948706835508347,-437.70029616355896
-1.0240204,-0.43200552,3.6974952,0.71217793,2.038426,0.0443120002746582,10,-496.2815205584044,-301.25042819976807,-239.65446905623497,0.15709426,0.022655852138996124,-369.7495096474886,-6.427708,-0.07121779024600983,28.23799656008363,2.9725628,195,0.21044325828552246,0.49323937,0.9026171986579755,-3.6974952,0.009998446330428123,-3.4301703,47.2861123085022,-0.73396665,0.006064176559448242,-2.0584018,0.035447120666503906,0.0,-0.09387364238500595,-399.1551938056946
-1.0166941,-0.45198584,3.749018,0.7138385,2.0418139,0.04867100715637207,10,-457.6286609855257,-310.17277789115906,-239.85356688516828,0.1635422,0.011920042335987091,-374.9018049001694,-7.1848364,-0.07138380408287048,40.47840345905861,2.8402126,196,0.22637581825256348,0.49405912,0.8695552321216846,-3.749018,0.006665395572781563,-3.3827126,47.52059721946716,-0.6994521,0.006087064743041992,-1.7496797,0.03847980499267578,0.0,-0.08330384641885757,-452.20705449581146
-1.0561327,-0.39994615,3.4814835,0.6882423,1.9902143,0.04909706115722656,10,-483.6246206050715,-302.5864837244153,-221.0260451096364,0.14735541,0.025910794734954834,-348.148350674659,-6.4793706,-0.06882426887750626,18.46057568454237,2.1312132,197,0.26306939125061035,0.4815736,0.9421500220033853,-3.4814835,0.008475151844322681,-3.5635939,47.791054248809814,-0.6594504,0.006357908248901367,-2.4490561,0.036656856536865234,0.0,-0.09473506361246109,-368.0116991996765
-1.0606321,-0.4361424,3.7761528,0.6934783,2.0006623,0.05786275863647461,10,-488.28120189173467,-332.26428413391113,-244.01505907780046,0.1469633,0.018247924745082855,-377.6152887225151,-6.983095,-0.0693478137254715,25.77394558573738,1.0889792,198,0.2744259834289551,0.48410174,0.9562446982221398,-3.7761528,0.0066451095044612885,-3.5242097,48.0770149230957,-0.7295297,0.006450653076171875,-2.2055163,0.03569293022155762,0.0,-0.08759573847055435,-410.6912307739258
-1.0645534,-0.39059108,3.6451669,0.68478423,1.9833438,0.05407381057739258,10,-503.11710632785815,-347.029457449913,-234.9367646381956,0.13578296,0.02159353345632553,-364.51668009758,-6.4315257,-0.06847842037677765,11.618785209717375,1.4389402,199,0.28351521492004395,0.4799112,0.9815080830716482,-3.6451669,0.007700715214014053,-3.619622,48.365456104278564,-0.6937356,0.006791114807128906,-3.3733099,0.0359501838684082,0.0,-0.09007195383310318,-389.4685106277466
