PolicyExecTime,EnvExecTime,ProcessExecTime,OriginalTaskAverageReturn,IRLLoss,IRLRewardMean,IRLRewardMax,IRLRewardMin,Iteration,AverageDiscountedReturn,AverageReturn,ExplainedVariance,NumTrajs,Entropy,Perplexity,StdReturn,MaxReturn,MinReturn,AveragePolicyStd,LossBefore,LossAfter,MeanKLBefore,MeanKL,dLoss,Time,ItrTime
0.16068506240844727,1.587031364440918,0.03039264678955078,-200.36351693751394,0.4957676,-1.6145442,-0.022296332,-3.653612,0,-100.34824805765822,-153.80454418142992,6.296740906464038e-12,42,2.8378766,17.07946,58.00565114599283,-64.14062488079071,-279.72646713256836,1.0,3.009282156796189e-09,-0.010739081539213657,0.0,0.006791208870708942,0.010739084548495814,3.780194044113159,3.7801971435546875
0.12110447883605957,1.3348157405853271,0.024882793426513672,-147.83232622303916,0.27924514,-2.9727664,-0.0066150585,-7.865092,1,-184.9982091768715,-285.03166508153527,0.5539579084271771,42,2.830209,16.949003,138.734326517995,-73.54727786034346,-553.1416535377502,0.99625146,-4.1443506959559784e-10,-0.012514877133071423,0.0,0.00986848957836628,0.012514876718636353,6.219040155410767,2.434509038925171
0.11668944358825684,1.27728271484375,0.02659893035888672,-183.47932734250017,0.19369031,-4.0393367,-0.010324846,-11.139622,2,-232.23693578819976,-366.2624541994832,0.6811404710848812,46,2.8292053,16.932,184.08513349186606,-39.64050453156233,-666.0491368770599,0.9957683,3.6583047702265503e-09,-0.012712153606116772,0.0,0.006775882560759783,0.012712157264421542,8.675363063812256,2.452415943145752
0.11538386344909668,1.198108434677124,0.02609086036682129,-155.8366332561836,0.18862848,-4.324061,-0.016220886,-14.244876,3,-252.23627160632196,-394.66880747752094,0.7255868901394332,44,2.8226085,16.82067,229.26115907109696,-39.75812887772918,-854.0526568889618,0.9924817,-2.374687113615437e-10,-0.013093695044517517,0.0,0.00994784478098154,0.013093694807048806,10.955889225006104,2.276031970977783
0.12310504913330078,1.3600969314575195,0.02626323699951172,-111.68184297832482,0.13380742,-5.338015,-0.016545098,-16.94893,4,-318.9099863370336,-500.65616000270427,0.642456284562176,43,2.7958791,16.37702,263.6773656364844,-100.67934917658567,-1018.1078262329102,0.9792551,-4.152964194759079e-09,-0.011932280845940113,0.0,0.006591662764549255,0.011932276692975918,13.436402320861816,2.4759788513183594
0.10700297355651855,1.106297254562378,0.023911476135253906,-88.74683962019986,0.13475403,-6.0540485,-0.03692613,-18.414604,5,-348.55984368113553,-550.9184260261668,0.3780894627120214,44,2.7999713,16.444176,325.24615779157375,-116.8408153951168,-1205.6921766996384,0.9813138,-2.441349122861425e-09,-0.03268449753522873,0.0,0.009230821393430233,0.032684495093879606,15.62388825416565,2.1833889484405518
0.11588382720947266,1.2167139053344727,0.025485992431640625,-69.28304636697014,0.1239085,-5.6201878,-0.02409697,-18.413343,6,-346.9901892069366,-537.1293595566725,0.6462817683849221,42,2.780022,16.119373,305.9841362762243,-94.93748994916677,-1208.289125919342,0.97160256,7.246404365446324e-09,-0.015667852014303207,0.0,0.008315560407936573,0.015667859260707573,18.02211618423462,2.393026828765869
0.11851835250854492,1.223891258239746,0.027475833892822266,-76.91869063154235,0.13789612,-5.5898604,-0.016582064,-18.420681,7,-342.8902454516065,-530.2567639963831,0.43649167665298183,43,2.7974553,16.402853,247.40878881023576,-128.202567987144,-1048.5529888533056,0.9802389,-9.001339229541827e-09,-0.013086707331240177,0.0,0.006552990525960922,0.013086698329900948,20.37787437438965,2.3526148796081543
0.11780238151550293,1.2143535614013672,0.02621603012084961,-50.66480864248667,0.16936764,-4.5710187,-0.020911017,-14.087184,8,-288.63468807927154,-419.70265338743445,0.7124966852228096,44,2.7578444,15.765822,182.3927370711762,-167.7614264190197,-890.7134124040604,0.96095634,6.0194791373646694e-09,-0.012912389822304249,0.0,0.006829708814620972,0.012912395841783386,22.734187126159668,2.351483106613159
0.12118768692016602,1.233673334121704,0.02764892578125,-45.83329560928259,0.18318498,-4.908776,-0.023815896,-17.88565,9,-307.2077700687129,-453.63491656396377,0.7829380412423781,46,2.7602212,15.803339,179.65265036936236,-176.42031413316727,-983.7378392219543,0.96193594,3.5859533120685683e-09,-0.018675873056054115,0.0,0.009588734246790409,0.018675876642007427,25.124028205871582,2.384139060974121
0.11304259300231934,1.1426591873168945,0.025972604751586914,-42.29719862278562,0.19301564,-4.3959513,-0.0339913,-13.991997,10,-269.6917530591771,-399.83178682252765,0.7351114193669122,44,2.752102,15.675546,138.96067658815758,-198.17259249091148,-806.0325947403908,0.95806175,-1.334476795733508e-08,-0.012470128946006298,0.0,0.008362381719052792,0.01247011560123834,27.36936616897583,2.241537094116211
0.11954951286315918,1.217189073562622,0.025967836380004883,-36.11345475997908,0.17095667,-4.528552,-0.060015634,-18.42023,11,-283.37279475751257,-425.89452096126803,0.6198289651306965,43,2.7345252,15.402429,171.99824746996603,-169.33116683363914,-855.8649131655693,0.94963837,1.8994926520576882e-08,-0.05863204598426819,0.0,0.009993352927267551,0.05863206497919471,29.69292116165161,2.3189899921417236
0.1141054630279541,1.1517293453216553,0.027187347412109375,-41.701642085460776,0.1790267,-4.284627,-0.015586699,-18.42051,12,-265.44544418893656,-396.13325966062786,0.8013114907965962,44,2.7375042,15.448381,121.35921916998785,-209.19234956800938,-658.6353462934494,0.95106304,2.6139304054595414e-08,-0.013551554642617702,0.0,0.006491297390311956,0.013551580781921757,31.96997618675232,2.273038625717163
0.1170969009399414,1.2413575649261475,0.026967525482177734,-25.076730597336418,0.15469535,-4.56808,-0.038896035,-14.473882,13,-283.64722418953966,-419.64044733709574,0.8098056678290206,44,2.7347057,15.405209,144.0058436800977,-243.835535466671,-767.8616697788239,0.94973737,2.06448547146465e-09,-0.015548496507108212,0.0,0.006810063496232033,0.015548498571593683,34.32950520515442,2.354001045227051
0.11942696571350098,1.2155184745788574,0.026746511459350586,-17.930219369959584,0.17721535,-4.521463,-0.0067870943,-18.419138,14,-277.2018237037288,-417.9270326502579,0.7054343435773156,44,2.7179644,15.149453,116.35184383785511,-266.10236755013466,-998.4622759819031,0.9418174,3.7518534945490956e-09,-0.0182021576911211,0.0,0.008983748964965343,0.018202161442974596,36.665563344955444,2.331854820251465
0.11163735389709473,1.1229135990142822,0.025720596313476562,2.129471450217869,0.16802394,-4.6616917,-0.009431713,-16.154032,15,-301.2788661788132,-455.5950868410944,0.8001346061635913,41,2.6869648,14.68703,127.47990862746582,-194.8710144776851,-761.1015976667404,0.9273209,1.19001040133071e-08,-0.013614327646791935,0.0,0.006830741185694933,0.013614339546895948,38.89108729362488,2.220276117324829
0.12459301948547363,1.2875244617462158,0.027924060821533203,2.8109366400051434,0.1944603,-4.398634,-0.03315842,-14.612382,16,-288.15859961720224,-422.89724142441435,0.7771749022318346,42,2.6641119,14.355194,92.35552356678055,-254.1665489524603,-615.5792618393898,0.91678464,-7.911859611908767e-09,-0.01546157244592905,0.0,0.00674555404111743,0.015461564534069439,41.30461812019348,2.409149169921875
0.12053680419921875,1.2190423011779785,0.026220321655273438,9.70118922710928,0.19577666,-4.1723337,-0.037126847,-14.218057,17,-271.21997785026144,-398.15984284292375,0.8145869642619049,42,2.6625543,14.332852,81.82075538210633,-265.78786285221577,-643.7615320682526,0.9161687,-4.282968646407426e-09,-0.012118536047637463,0.0,0.006447743158787489,0.012118531764668816,43.61540627479553,2.3062777519226074
0.12280893325805664,1.2795698642730713,0.028532028198242188,15.445797860236741,0.2086677,-3.7829337,-0.02181404,-13.859725,18,-238.54926266961152,-354.5400615722634,0.8150509724879316,43,2.665262,14.371715,71.26154921732233,-166.85279841721058,-513.148015588522,0.91755956,4.141265552703999e-09,-0.01665857993066311,0.0,0.006725385319441557,0.01665858407192866,46.034255266189575,2.413935899734497
0.12064290046691895,1.2563440799713135,0.027579545974731445,30.256151896653446,0.22681013,-3.6437728,-0.03254567,-18.341522,19,-239.37013287393222,-353.5327105617062,0.7504918063983302,42,2.6283097,13.850339,73.93110004892341,-199.16572220623493,-505.85683000832796,0.9006016,-8.191067824014908e-10,-0.016112178564071655,0.0,0.006603851914405823,0.016112177744964873,48.465362310409546,2.4263620376586914
0.12615013122558594,1.328780174255371,0.027695178985595703,37.81545331487189,0.21487036,-3.4892974,-0.032465193,-14.001065,20,-235.70564521899865,-341.6958294256431,0.8280731641806394,41,2.6148744,13.6655,65.03722161833457,-196.4083829522133,-464.76099532842636,0.894548,3.919209401459511e-09,-0.016956506296992302,0.0,0.006725413724780083,0.016956510216201703,50.97055721282959,2.4995570182800293
0.1293497085571289,1.3861360549926758,0.027325153350830078,53.53389658054212,0.23571548,-3.178437,-0.036361445,-13.456251,21,-208.73070117564592,-312.7271746227109,0.6651821096859417,41,2.5747018,13.127401,55.822307289607544,-193.39665363729,-469.7338483631611,0.87674576,-6.353494619304456e-09,-0.014905574731528759,0.0,0.006456103175878525,0.01490556837803414,53.57559299468994,2.6007139682769775
0.12704014778137207,1.4485552310943604,0.02692389488220215,64.8374692277011,0.24923214,-3.3093235,-0.019750342,-13.623576,22,-221.30928725730186,-326.41232196986675,0.7942554312958564,41,2.5512836,12.823553,69.27296650590026,-161.57951693236828,-457.81575694680214,0.86669487,5.423963500561513e-09,-0.013019876554608345,0.0,0.009342074394226074,0.013019881978571846,56.191498041152954,2.611050844192505
0.14149212837219238,1.5578937530517578,0.0299685001373291,71.90068960894887,0.28490227,-3.1016324,-0.0028446803,-13.5678625,23,-206.89011694737985,-308.4989701906196,0.8107936793570226,41,2.549626,12.802317,61.524678800837286,-177.4730877429247,-479.67333272099495,0.8659791,7.834254134309049e-09,-0.017134670168161392,0.0,0.009655130095779896,0.017134678002415527,58.89506506919861,2.6973090171813965
0.12629079818725586,1.3915331363677979,0.025812149047851562,74.32332948895076,0.29694778,-2.8648863,-0.014760233,-14.483762,24,-196.27012185783315,-283.4839984475658,0.7414171143971549,41,2.53585,12.62716,55.09889050720828,-174.91064056754112,-403.6359116155654,0.86004955,-3.996170505615737e-09,-0.0187335554510355,0.0,0.006521713919937611,0.018733551454864994,61.39520716667175,2.4959380626678467
0.13976216316223145,1.5806958675384521,0.028431415557861328,85.15289339269957,0.32891822,-2.9538558,-0.004108333,-13.25917,25,-200.3120420856809,-293.87261203506097,0.8174439780347268,41,2.5209491,12.440398,58.25925139707496,-178.67268806695938,-404.19967180490494,0.8537439,-3.9161669462828286e-09,-0.015245147980749607,0.0,0.006809140555560589,0.01524514406458266,64.11349034309387,2.7139980792999268
0.1332108974456787,1.5014305114746094,0.0274810791015625,75.08187449037383,0.32960033,-2.643511,-0.0009917765,-13.915981,26,-183.53214249123138,-263.5129243379896,0.7679302723917465,41,2.5078545,12.278558,50.492227288882255,-163.9317318201065,-395.7226722240448,0.8485918,2.8584561384548124e-09,-0.013689928688108921,0.0,0.00650761229917407,0.01368993154656506,66.76268601417542,2.6450769901275635
0.06967020034790039,0.8036491870880127,0.019762754440307617,87.21566042364313,0.38182202,-2.3789463,-0.013308718,-13.760632,27,-168.5340091862247,-237.89463735769968,0.8135873484031946,40,2.490625,12.068815,64.77980500329856,-139.23727660626173,-375.9627496600151,0.8417383,1.4305114870438729e-09,-0.01629198156297207,0.0,0.006725667510181665,0.016291982993483556,68.59775733947754,1.8304250240325928
0.0698552131652832,0.8197569847106934,0.01860523223876953,96.01227001543462,0.40736902,-2.095664,-0.005747951,-14.064021,28,-147.85850981383905,-209.56638251038967,0.8155841266978933,40,2.4800723,11.942127,44.362727881936365,-139.20104875415564,-291.77969312667847,0.8379083,-2.38418573772492e-09,-0.016651546582579613,0.0,0.006872172933071852,0.016651544198393875,70.42547917366028,1.82318115234375
0.07083010673522949,0.804375171661377,0.019156217575073242,90.81261493475566,0.41093987,-2.0930436,-0.0005978941,-12.048147,29,-146.94083241896777,-209.3043448133132,0.9023298215909213,40,2.4409869,11.484368,43.93520933197439,-121.89970918744802,-295.9950951039791,0.82189745,-1.3828277189986693e-08,-0.015473028644919395,0.0,0.006897087208926678,0.015473014816642205,72.2667191028595,1.8370602130889893
0.07067704200744629,0.82759690284729,0.01959967613220215,99.14088551756114,0.40904057,-1.9324819,-0.03303594,-12.732051,30,-131.20264667759483,-193.24820556472986,0.8149867625839496,40,2.4022892,11.048439,45.880143255693056,-120.59442462027073,-325.89742413163185,0.8065485,8.225440772946513e-09,-0.013334263116121292,0.0,0.006711646914482117,0.013334271341562065,74.11719512939453,1.8463451862335205
0.0699005126953125,0.87591552734375,0.01911330223083496,96.51162311728486,0.42740753,-1.7665441,-0.04941583,-11.305751,31,-122.23970999674103,-176.65440477589146,0.9422771467238142,40,2.3593307,10.583865,47.66012731341703,-83.18564036488533,-302.4050213098526,0.7892566,1.19209286886246e-09,-0.019154056906700134,0.0,0.006465614307671785,0.019154058098793003,76.00987720489502,1.8880372047424316
0.0715935230255127,0.8413350582122803,0.01902914047241211,98.53785871656905,0.46509472,-1.5663997,-0.00878967,-9.747769,32,-106.62423270838678,-156.63997641005554,0.8632348987617188,40,2.3315923,10.29432,27.09001579810075,-102.51120971888304,-208.6836186349392,0.77860826,-1.6450881545893026e-08,-0.01638728380203247,0.0,0.009911375120282173,0.016387267351150925,77.8855459690094,1.8716859817504883
0.07096171379089355,0.846799373626709,0.020162582397460938,99.4587811014012,0.4486396,-1.6828189,-0.040780667,-9.028887,33,-117.4816551619519,-168.28188553052024,0.8358527093188968,40,2.2864902,9.84034,38.63316544047302,-98.08984753489494,-267.212659239769,0.7621942,1.3351440841802287e-08,-0.013025508262217045,0.0,0.00913422740995884,0.013025521613657887,79.81557130813599,1.9256739616394043
0.07578659057617188,0.8695974349975586,0.019381999969482422,94.525737071813,0.4528698,-1.6077943,-0.11525335,-9.024193,34,-110.6386081385945,-160.779430744797,0.8374089973315402,40,2.2832623,9.808626,39.726206505861626,-103.95922620594501,-268.11083710193634,0.76094395,3.3378602104505717e-09,-0.017169231548905373,0.0,0.00958354864269495,0.017169234886765583,81.75661516189575,1.9355230331420898
0.07298994064331055,0.8496205806732178,0.01972484588623047,95.55258891955786,0.45787084,-1.7772783,-0.09129306,-8.321636,35,-119.25506500991386,-177.72783356588334,0.8525774066002109,40,2.2785053,9.762078,29.46133864561256,-106.87063463032246,-244.01181107759476,0.76053363,7.629394893626795e-09,-0.014800774864852428,0.0,0.006713313516229391,0.014800782494247322,83.65129327774048,1.889941930770874
0.07184362411499023,0.8574724197387695,0.01946091651916504,103.80320221089389,0.47377515,-1.3815844,-0.037191056,-6.886858,36,-92.19458272681962,-138.15843313708902,0.8222524669876026,40,2.2524624,9.511127,31.107522304119726,-87.55695912986994,-209.08349332213402,0.75036865,-5.7220459481754915e-09,-0.01564456708729267,0.0,0.006774899549782276,0.015644561365246723,85.56470513343811,1.9085760116577148
0.07313203811645508,0.8363993167877197,0.01959681510925293,97.76598590934175,0.47245583,-1.3475962,-0.080951445,-7.575446,37,-90.76320837318774,-134.75961222145708,0.8681218654260177,40,2.2427716,9.419402,18.936853359182194,-97.72690257430077,-174.07766473293304,0.74683875,3.380328550406375e-08,-0.01741994544863701,0.0,0.008921907283365726,0.017419979251922513,87.42354726791382,1.8551549911499023
0.1417694091796875,1.6718788146972656,0.028302669525146484,106.57125918253918,0.48908517,-1.3472894,-0.08843892,-6.164148,38,-88.59630742950844,-134.66321753056312,0.9164670426104289,41,2.2339902,9.337049,17.694186537319307,-99.14570788294077,-175.93337401747704,0.7439642,3.7816513809296737e-10,-0.01585676334798336,0.0,0.007054083049297333,0.0158567637261485,90.24632620811462,2.8185219764709473
0.07072257995605469,0.8257749080657959,0.01904010772705078,106.53492992283971,0.48491588,-1.184565,-0.04719552,-6.3810563,39,-75.60248084898137,-118.456501145754,0.9133591897275242,40,2.1983337,9.009988,10.678205158973888,-95.20686475932598,-142.08783248066902,0.73084223,-6.1988831845383174e-09,-0.011664146557450294,0.0,0.006694490555673838,0.01166414035856711,92.15282320976257,1.9020168781280518
0.07654762268066406,0.8889389038085938,0.020030498504638672,105.9297166517938,0.4794115,-1.458704,-0.1404074,-6.3501267,40,-95.1097124840907,-145.87040223367512,0.8981152098583297,40,2.1676576,8.737793,18.18094569484329,-107.91114249825478,-184.14437341690063,0.719489,-5.7220459481754915e-09,-0.01209223922342062,0.0,0.006608041003346443,0.012092233501374672,94.08339619636536,1.9260280132293701
0.07339787483215332,0.859405517578125,0.019941329956054688,104.54676007910025,0.49497193,-1.1533045,-0.043454167,-4.3849845,41,-73.82597885594271,-115.33044685116037,0.8035189357413057,40,2.1326904,8.437537,16.865798399515686,-70.50958542153239,-148.64929151535034,0.7073645,5.2452087118126656e-09,-0.017572898417711258,0.0,0.009052040986716747,0.01757290366291997,95.96215295791626,1.874243974685669
0.06965875625610352,0.8148341178894043,0.019215106964111328,103.82079045677389,0.49695516,-1.1773723,-0.11800662,-3.5872817,42,-76.38407727032163,-117.73724002428352,0.8814426613935966,40,2.1337526,8.446504,16.32475753756748,-75.02311284840107,-144.4100340604782,0.7077699,-7.629394893626795e-09,-0.014504369348287582,0.0,0.006906956899911165,0.014504361718892689,97.79599809646606,1.8295812606811523
0.07023024559020996,0.8774595260620117,0.019913911819458008,100.84069970295317,0.5049154,-1.1555499,-0.13999882,-3.12609,43,-72.77162408793397,-115.55499038957059,0.95155774223317,40,2.105125,8.208129,9.943189342388324,-85.13172620534897,-136.43128788471222,0.69930935,-3.039836826701503e-09,-0.009519909508526325,0.0,0.006550532300025225,0.009519906468689499,99.70419526100159,1.9038829803466797
0.07082986831665039,0.8127496242523193,0.019988059997558594,104.93193416217852,0.48702237,-1.051294,-0.008912044,-3.5924077,44,-67.69301231241784,-105.12939779527952,0.9450312229257636,40,2.072176,7.942086,12.574240295454889,-79.5066045820713,-128.782532453537,0.6884629,-8.583068478174027e-09,-0.01013881340622902,0.0,0.006846850272268057,0.010138804823160541,101.54597020149231,1.8376760482788086
0.07194972038269043,0.8332710266113281,0.01924610137939453,109.40236380120298,0.48166993,-1.3255943,-0.13106754,-3.549589,45,-83.8360094533693,-132.55943928174673,0.7136135591588663,40,2.0019853,7.4037404,23.860381496614234,-84.89972047507763,-185.959887444973,0.6651969,-8.583068478174027e-09,-0.0070658111944794655,0.0,0.006459306925535202,0.007065802611410987,103.42341709136963,1.8730199337005615
0.07375907897949219,0.9445841312408447,0.020267009735107422,106.16406910956384,0.4811566,-1.1171273,-0.12757812,-3.9143982,46,-69.65332740174149,-111.71273139193654,0.9005337871231026,40,1.9892592,7.310117,21.461309852986922,-68.19935837388039,-173.35935819149017,0.66004145,2.8610229740877458e-09,-0.010155041702091694,0.0,0.0067317429929971695,0.010155044563114668,105.40340924263,1.9755980968475342
0.07179975509643555,0.8411562442779541,0.020457029342651367,110.66621926508114,0.50360537,-1.0743748,-0.07106907,-3.3411865,47,-69.85447453535252,-107.4374805489555,0.8229051117863364,40,1.9540405,7.0571446,10.334051430504323,-81.9451033771038,-131.34210866689682,0.6478196,1.4901161415892261e-09,-0.012161129154264927,0.0,0.009301886893808842,0.012161130644381068,107.4750542640686,2.0666420459747314
0.0723421573638916,0.912001371383667,0.02013874053955078,105.65865888112168,0.48768967,-1.2131706,-0.002226027,-3.3644128,48,-78.29023621310036,-121.31706024255254,0.7749635769928374,40,1.9602774,7.101297,28.323586506251065,-69.69703616201878,-188.19665622711182,0.6509392,9.53674295089968e-09,-0.010588285513222218,0.0,0.006897167302668095,0.010588295049965168,109.44231605529785,1.962132215499878
0.07327008247375488,0.8498647212982178,0.02005624771118164,101.34922029839086,0.50534284,-1.1587075,-0.17372897,-4.254111,49,-76.09282730974488,-115.8707461539656,0.6072259487929912,40,1.9753728,7.2093067,10.455553416363772,-81.33484990894794,-141.47167038917542,0.6546843,-1.1026859425555813e-08,-0.008182882331311703,0.0,0.006763248238712549,0.008182871304452277,111.42275524139404,1.9761481285095215
0.07392358779907227,0.8636794090270996,0.020962238311767578,101.78452647045322,0.50450987,-1.1319776,-0.06589531,-3.5003664,50,-72.01263300950784,-113.19775650482624,0.7802213640219109,40,1.9595132,7.095872,19.34493107236682,-63.48353333026171,-157.05324161052704,0.6494839,4.708767153971394e-09,-0.014288332313299179,0.0,0.009611583314836025,0.014288337022066333,113.34626507759094,1.9192719459533691
0.07363295555114746,0.845996618270874,0.020185232162475586,105.86242404561358,0.5189185,-1.0875154,-7.176657e-05,-3.3462448,51,-70.61829132903902,-108.75153421281247,0.8087306519716096,40,1.9503903,7.0314317,12.689364344959253,-83.35688826441765,-136.85453534126282,0.6473368,-8.016824537548928e-09,-0.011137687601149082,0.0,0.009421342983841896,0.011137679584324545,115.39382910728455,2.0430221557617188
0.07250595092773438,0.85243821144104,0.021823644638061523,102.71629594333317,0.5052641,-1.093645,-9.942549e-05,-3.6563084,52,-69.12448538910753,-109.36450030050636,0.9582369184616695,40,1.9603482,7.1018,12.123126224024274,-88.00781321525574,-137.66011580824852,0.6502942,-8.106232129989621e-09,-0.016087684780359268,0.0,0.009920207783579826,0.016087676674127138,117.27102208137512,1.873187780380249
0.13637351989746094,1.615938663482666,0.028332948684692383,101.68316464557041,0.5187324,-1.0970395,-0.005038895,-3.5920875,53,-71.31130817220956,-109.65042781445948,0.8489281591231916,41,1.9593273,7.0945535,13.796137966186764,-71.36552745755762,-136.25499069690704,0.65043175,-5.23613286063096e-09,-0.010898272506892681,0.0,0.006562495604157448,0.01089826727075982,120.04489326477051,2.7695229053497314
0.07063794136047363,0.8304824829101562,0.019809722900390625,103.95311971590809,0.5278236,-1.1838939,-0.09665376,-3.4036267,54,-77.32018965909735,-118.38939294591546,0.9260413272060716,40,1.9493805,7.024335,21.028605001603,-72.03868281841278,-173.11486142873764,0.6476727,6.9141385949933465e-09,-0.011926543898880482,0.0,0.009703111834824085,0.011926550813019077,121.89283013343811,1.8439867496490479
0.0713341236114502,0.8828489780426025,0.020066261291503906,102.16533382384158,0.52079445,-1.2079265,-0.11630542,-3.0394995,55,-80.57560531493081,-120.79266033973545,0.9486783740125049,40,1.8976806,6.6704054,16.341394320264,-90.15099915862083,-159.02071166038513,0.63209116,-4.649162388403738e-09,-0.010270120576024055,0.0,0.006738431751728058,0.010270115926861667,123.82398104667664,1.9272840023040771
0.07097077369689941,0.8244473934173584,0.019106626510620117,104.57328349455967,0.52786094,-1.0564389,-0.050459567,-3.120387,56,-69.56189322398501,-105.64390006093308,0.9387706932595248,40,1.8379976,6.283942,17.62824314758659,-57.62214462086558,-148.82684886455536,0.61350095,-1.907348723406699e-09,-0.013646597042679787,0.0,0.009193914011120796,0.013646595135331063,125.68385219573975,1.8556008338928223
0.06977438926696777,0.8168826103210449,0.01878070831298828,100.04475943708054,0.51929206,-1.0660822,-0.15488166,-3.8090096,57,-68.92224800859321,-106.60822799764574,0.9073245332164661,40,1.8258878,6.2083044,14.862801141363617,-75.07702314853668,-135.88867461681366,0.608956,-5.662441182607836e-09,-0.007580609992146492,0.0,0.006989676039665937,0.007580604329705309,127.53427720069885,1.8454959392547607
0.13273906707763672,1.6064255237579346,0.028240203857421875,101.02359438426521,0.5258009,-1.0193067,-0.007248862,-3.0265362,58,-66.7864082411661,-101.78150192213177,0.967606677237498,41,1.7949185,6.0189843,14.669101062911714,-73.78039376437664,-136.62235748767853,0.6019606,4.519121077350974e-08,-0.016008827835321426,0.0,0.009762371890246868,0.0160088730265322,130.2500102519989,2.7113752365112305
0.13633203506469727,1.6373560428619385,0.02850055694580078,108.85067357572908,0.5446766,-1.127511,-0.020842366,-2.2673793,59,-70.5548762281942,-112.69610127297844,0.9324187442190796,41,1.8126508,6.1266665,7.36354352201946,-79.58240769803524,-121.99451422691345,0.6092542,-4.537981546093306e-09,-0.01262661349028349,0.0,0.009543433785438538,0.012626608952301943,133.01330995559692,2.7586910724639893
0.06966638565063477,0.8490607738494873,0.019565582275390625,103.03776659375316,0.5376236,-1.0332776,-0.013940131,-2.9312541,60,-66.35756368741161,-103.32776559679769,0.8917286211469321,40,1.800316,6.0515594,11.337728858743386,-82.29053381085396,-132.64257150888443,0.606728,7.629394893626795e-09,-0.011255969293415546,0.0,0.0065610636956989765,0.01125597692281044,134.9057641029358,1.888714075088501
0.07015562057495117,0.8553571701049805,0.02015209197998047,103.32707642234027,0.5285982,-0.99543554,-0.21285473,-2.8724806,61,-64.77632312995108,-99.54356248416006,0.9834856757072082,40,1.7461203,5.73232,11.074160352895145,-84.35285085439682,-126.94409322738647,0.59172386,5.364418242947977e-09,-0.011326362378895283,0.0,0.006603189278393984,0.011326367743313526,136.78862619400024,1.878783941268921
0.0710904598236084,0.8265717029571533,0.019465923309326172,102.19908234108324,0.5220846,-1.0722249,-0.15984714,-2.3400905,62,-69.83286641374487,-107.22247849106789,0.9711793278794442,40,1.6842237,5.388266,9.848301678358837,-88.51099559664726,-130.86154162883759,0.5726968,-7.867813067718998e-09,-0.008624449372291565,0.0,0.006567874923348427,0.008624441504478497,138.64668703079224,1.8537039756774902
0.07046365737915039,0.855130672454834,0.0195462703704834,108.8629761040736,0.5320299,-1.0318905,-0.0017373745,-2.151416,63,-66.64692047025555,-103.1890463754913,0.9405647398755209,40,1.6678472,5.300744,11.27363946676291,-77.63556603901088,-130.61714202165604,0.5669764,1.907348723406699e-09,-0.010515714064240456,0.0,0.006494742818176746,0.010515715971589179,140.56329321861267,1.9122250080108643
0.0711970329284668,0.8667056560516357,0.01975393295288086,108.36169155778268,0.5170179,-1.0298916,-0.090580404,-2.5912502,64,-66.11024401835114,-102.98915944099426,0.9562222805763974,40,1.6576762,5.2471037,18.499807079169255,-77.86353063583374,-157.98545974493027,0.56634104,-0.0,-0.012076741084456444,0.0,0.009511654265224934,0.012076741084456444,142.46607208251953,1.8805577754974365
0.07027959823608398,0.9051165580749512,0.01995706558227539,108.13574271560037,0.5177742,-1.1482632,-0.0016920569,-2.6808228,65,-73.37324621655175,-114.8263179317466,0.7716276760018205,40,1.6704654,5.3146405,15.483629370917312,-93.65307635068893,-146.0134361386299,0.56691355,1.5497207961345794e-09,-0.013303356245160103,0.0,0.009516089223325253,0.013303357794880899,144.38575720787048,1.9161999225616455
0.0707552433013916,0.7985517978668213,0.019765615463256836,98.07294898370193,0.5018852,-1.051016,-0.18575527,-2.1475735,66,-67.47243870891099,-105.10159853175283,0.9511962649258523,40,1.6896304,5.417478,22.34438662177861,-71.70918606221676,-147.94304871559143,0.57382375,1.19209286886246e-09,-0.008181415498256683,0.0,0.00641208840534091,0.008181416690349552,146.21989607810974,1.828598976135254
0.07091736793518066,0.8249735832214355,0.01969170570373535,104.43767583134107,0.5070695,-1.1643598,-0.15704983,-2.401846,67,-73.70707767357926,-116.43598332703114,0.6484307386917506,40,1.6623651,5.2717643,18.943191253938497,-66.5108413696289,-149.82330054044724,0.5670481,3.385543934086854e-08,-0.009359130635857582,0.0,0.006561639718711376,0.009359164491296923,148.08413124084473,1.859755039215088
0.07068181037902832,0.8615493774414062,0.019915103912353516,113.02953920517072,0.5091519,-1.1744441,-0.0050047496,-2.6214302,68,-75.91335299802117,-117.44439999882597,0.9240885180518696,40,1.6825293,5.379144,14.32239410322951,-93.94905072450638,-154.00122153759003,0.5732322,-2.8610229740877458e-09,-0.009567119181156158,0.0,0.006491970270872116,0.009567116320133184,149.97981119155884,1.8912501335144043
0.07105422019958496,0.8384702205657959,0.019595623016357422,105.7408919570998,0.51625717,-1.0646869,-0.008378219,-2.5025449,69,-68.3528780570488,-106.4686877366621,0.887999897037159,40,1.6972724,5.4590373,9.387205095926566,-88.93241250514984,-132.72094029188156,0.5782911,-1.7404556018618678e-08,-0.010370336472988129,0.0,0.009432969614863396,0.01037031906843211,151.82250118255615,1.8375029563903809
0.07145071029663086,0.8297450542449951,0.019347429275512695,102.15495559227514,0.5096371,-1.0623446,-0.32002538,-2.1182702,70,-67.58121160168,-106.2344667263329,0.8661814613093607,40,1.7278557,5.6285715,14.472216025379685,-85.1385049521923,-143.37605819106102,0.59209603,-1.7881394143159923e-08,-0.010372968390583992,0.0,0.006665761116892099,0.010372950509189849,153.67503428459167,1.8481810092926025
0.07115745544433594,0.8250420093536377,0.019844770431518555,102.99922551299532,0.49830124,-1.0806587,-0.12874134,-2.5153887,71,-70.64581622042644,-108.06587083265185,0.7172118566050947,40,1.6830769,5.3820906,19.09663503054158,-68.24721103906631,-143.0265797972679,0.5805273,9.53674295089968e-09,-0.014238504692912102,0.0,0.009930199012160301,0.014238514229655053,155.53225803375244,1.8529529571533203
0.07149171829223633,0.8490138053894043,0.019433259963989258,105.963427904022,0.511433,-1.0303762,-0.0063619497,-2.592388,72,-67.68129569090608,-103.03761452393374,0.419741767994972,40,1.7058297,5.5059524,25.299006502565774,-67.99567417800426,-158.03373420238495,0.58900195,-4.164874667367258e-09,-0.010703274048864841,0.0,0.00937770213931799,0.010703269883990174,157.40554809570312,1.8688488006591797
0.07109236717224121,0.8472616672515869,0.02009105682373047,104.10375264472944,0.49457335,-1.1126848,-0.14330539,-2.5090666,73,-72.26229734195688,-111.26847939938307,0.9230290207085399,40,1.7693061,5.8667808,33.13391893950677,-70.14097794890404,-182.20717537403107,0.6108722,4.649162388403738e-09,-0.013568408787250519,0.0,0.009678938426077366,0.013568413436412907,159.28151726722717,1.8716628551483154
0.07098913192749023,0.8516826629638672,0.01940131187438965,108.51712538525426,0.509355,-1.1334649,-0.0031843765,-2.6242306,74,-72.9912659147397,-113.34650101718144,0.9262792891533443,40,1.771132,5.877503,23.401066070642226,-83.85484868125059,-184.20250010490417,0.6093313,-4.768371808516747e-10,-0.012495950795710087,0.0,0.006441192701458931,0.012495950318872906,161.17718029022217,1.8896489143371582
0.07139420509338379,0.8312749862670898,0.020017147064208984,101.9221641184018,0.5062687,-1.1595093,-0.1706089,-3.0026565,75,-74.33645329642376,-115.95093215629458,0.8200092202705231,40,1.7517717,5.764807,10.441733477306782,-101.88040733337402,-141.28270208835602,0.60265994,-1.4364719191917175e-08,-0.006719150580465794,0.0,0.00664917565882206,0.006719136215746602,163.0284459590912,1.8471200466156006
0.07016944885253906,0.8399956226348877,0.019693374633789062,106.35626748364837,0.5047447,-1.0487599,-0.22148418,-2.3414023,76,-66.48765586615434,-104.87599152438342,0.9480256119906337,40,1.710394,5.5311403,11.27955888313311,-81.63159544765949,-128.61062321066856,0.58975405,-4.768371808516747e-10,-0.011279597878456116,0.0,0.006722497753798962,0.011279597401618935,164.90990114212036,1.8768348693847656
0.07071709632873535,0.9169409275054932,0.019739866256713867,107.44124186753213,0.5067844,-1.1086596,-0.19553067,-3.0646431,77,-72.36894995339112,-110.86596126444638,0.8379172166369275,40,1.6941986,5.4422827,22.348375091559454,-85.42826148867607,-177.5344288945198,0.58487844,-5.9604645663569045e-09,-0.008161758072674274,0.0,0.006536206230521202,0.008161752112209708,166.84567713737488,1.9314279556274414
0.0712270736694336,0.8369271755218506,0.019532203674316406,99.00158774205383,0.49597138,-1.2054504,-0.09771515,-2.8134632,78,-77.70598169022142,-120.54504635352642,0.7799982874733328,40,1.666563,5.2939415,25.89831684967703,-69.03130405396223,-178.56362944841385,0.5796167,-8.463859835217136e-09,-0.01572505570948124,0.0,0.009800626896321774,0.015725047245621404,168.7063341140747,1.855381965637207
0.07192158699035645,0.8508193492889404,0.019352436065673828,106.22282537958908,0.49506924,-1.0780567,-0.19246872,-2.6368763,79,-70.90894360396146,-107.80565824955701,0.7290079274163861,40,1.6604328,5.2615876,12.751553389465052,-83.00035473704338,-132.4418562054634,0.57656723,7.152557435219364e-10,-0.011125216260552406,0.0,0.006539314053952694,0.01112521697580815,170.58476328849792,1.8733010292053223
0.07236409187316895,0.8832268714904785,0.019513845443725586,107.61727425067212,0.5122298,-1.16963,-0.14807542,-2.3579934,80,-75.07085057640795,-116.96299703158438,0.9602872360513336,40,1.6309333,5.10864,8.178201067358032,-98.95352131128311,-134.79310435056686,0.56690586,-1.5497207961345794e-09,-0.012051300145685673,0.0,0.006792434491217136,0.012051298595964877,172.50020503997803,1.9108409881591797
0.07072639465332031,0.8282597064971924,0.020095109939575195,103.15292944033021,0.4994416,-1.1648647,-0.16250755,-3.0011277,81,-76.81569834293524,-116.48646396137774,0.8668819267709204,40,1.6320897,5.1145515,21.428461237124566,-85.00715824961662,-166.9732671380043,0.5658779,1.7881393032936899e-09,-0.014137934893369675,0.0,0.009465949609875679,0.014137936681508978,174.3326861858368,1.8278980255126953
0.07000017166137695,0.8433022499084473,0.020308732986450195,106.96300626862212,0.5043792,-1.129367,-0.08672374,-2.9665236,82,-75.28916630871834,-112.93668898697942,0.9642958584518033,40,1.7029095,5.489897,19.259566405515077,-89.62933212518692,-171.96738648414612,0.582056,3.3378602104505717e-09,-0.01105152815580368,0.0,0.006430440116673708,0.011051531493663891,176.22038197517395,1.8836100101470947
0.0745382308959961,0.8708388805389404,0.02051520347595215,108.07458839497956,0.51832926,-1.1241329,-0.16932333,-3.1678529,83,-73.4932156339577,-112.41328085251152,0.9751883383919469,40,1.6954231,5.4489512,18.27140832638522,-85.78405913710594,-158.33183777332306,0.57646435,-5.7220459481754915e-09,-0.014553003944456577,0.0,0.006503581535071135,0.014552998222410629,178.1326401233673,1.9056479930877686
0.07154273986816406,0.8237147331237793,0.0195009708404541,97.3314733066205,0.4944152,-1.2016963,-0.07938022,-3.2963324,84,-78.12560191324988,-120.1696174217388,0.9023647668196171,40,1.6878906,5.408061,30.322768879555944,-63.618726931512356,-180.88143327832222,0.57394654,1.5497207961345794e-09,-0.012595533393323421,0.0,0.0064572421833872795,0.012595534943044218,180.02580618858337,1.8887238502502441
0.07036566734313965,0.7794458866119385,0.01965928077697754,92.50206032876271,0.5014392,-1.1321753,-0.1274159,-2.919403,85,-74.33901880787016,-113.21753942035139,0.458951041475513,40,1.685573,5.3955417,14.589410186383473,-79.08229240775108,-135.96736353635788,0.5708413,-2.38418573772492e-09,-0.011539987288415432,0.0,0.006601118948310614,0.011539984904229694,181.84065413475037,1.8104050159454346
0.07100963592529297,0.8545165061950684,0.01969599723815918,108.26548414645488,0.50373197,-1.0688642,-0.00023647958,-2.3913045,86,-68.60726937575225,-106.88641952866492,0.8027880734399496,40,1.643532,5.17341,11.179699839963025,-84.33423466980457,-137.68734514713287,0.5599664,-3.218650901359865e-09,-0.011276539415121078,0.0,0.009904290549457073,0.011276536196470177,183.71405220031738,1.868614912033081
0.07039761543273926,0.815112829208374,0.019631624221801758,101.30707139431237,0.5007022,-1.0600668,-0.23102541,-2.8045218,87,-68.89645848867295,-106.0066801454872,0.9266455026222042,40,1.6272159,5.0896845,10.056554096983398,-79.4066763818264,-133.70238810777664,0.55324,-1.2159347306806012e-08,-0.008924242109060287,0.0,0.0065842787735164165,0.00892422994971298,185.55224227905273,1.8337268829345703
0.07093214988708496,0.8048624992370605,0.01992940902709961,102.01836677587288,0.50370634,-1.2599629,-0.025796631,-2.106798,88,-81.25320998003264,-125.99627709104679,0.935397896837837,40,1.6349788,5.129349,12.231578043708986,-94.9448742121458,-144.10951441526413,0.5539275,5.2452087118126656e-09,-0.010602439753711224,0.0,0.009752423502504826,0.010602444998919935,187.37111401557922,1.8144550323486328
0.07052445411682129,0.8680682182312012,0.0217897891998291,98.436080793534,0.5038157,-1.0612502,-0.07267952,-2.5899649,89,-68.84452840373649,-106.12503397911787,0.9059356784126031,40,1.6572782,5.2450156,12.984318457474588,-79.06326019763947,-133.69282257556915,0.5615272,4.291534239087014e-09,-0.008231014013290405,0.0,0.006402886472642422,0.008231018304824644,189.30826711654663,1.93259596824646
0.07102799415588379,0.839043140411377,0.01995849609375,101.61994067382032,0.49884084,-1.1680359,-0.17979892,-2.1902833,90,-75.04533479407321,-116.80359008647501,0.9014336794701777,40,1.6816387,5.374356,13.669932529710827,-94.34437499940395,-140.97958612442017,0.5699506,4.291534239087014e-09,-0.015307314693927765,0.0,0.0092935087159276,0.015307318985462004,191.18482303619385,1.8720970153808594
0.07233309745788574,0.8522019386291504,0.019855022430419922,100.69304413711808,0.5009302,-1.0461515,-0.0052145543,-2.455209,91,-67.29817659175974,-104.61515250850934,0.9226547138467515,40,1.7007982,5.478318,6.690407012684779,-81.40228836704046,-114.82690247893333,0.57187086,-9.536743617033494e-10,-0.015973828732967377,0.0,0.009015213698148727,0.015973827779293015,193.0577220916748,1.8680329322814941
0.07062172889709473,0.8032114505767822,0.019785165786743164,91.98437266109296,0.49099433,-1.2868606,-0.14315888,-3.382799,92,-84.94658625359557,-128.68606091588737,0.8982620311900111,40,1.7718049,5.881459,16.413553872896493,-94.36172086000443,-171.87273478507996,0.59447837,5.7220459481754915e-09,-0.013171191327273846,0.0,0.006429698318243027,0.013171197049319794,194.9060242176056,1.8441252708435059
0.07082533836364746,0.8093554973602295,0.0200045108795166,97.01181122144645,0.48824275,-1.0652317,-0.16207638,-2.8932297,93,-68.72029537704279,-106.52316603660583,0.8216979992174659,40,1.8020003,6.0617604,12.149399903539834,-89.34622022509575,-143.74401396512985,0.60168153,1.907348723406699e-09,-0.011756361462175846,0.0,0.009430954232811928,0.01175636336952457,196.74724507331848,1.8368711471557617
0.07118606567382812,0.8407375812530518,0.020087242126464844,106.6077688249296,0.4984074,-1.1553817,-0.024423808,-2.7855308,94,-75.44820270109172,-115.53816661727615,0.8898349745516058,40,1.875019,6.5209427,17.35342935541707,-90.46764528751373,-169.52435356378555,0.624084,-2.145767119543507e-09,-0.01624279096722603,0.0,0.009732302278280258,0.01624278882145891,198.5946650505066,1.8427982330322266
0.07123637199401855,0.822678804397583,0.019501686096191406,101.62589238685479,0.5043611,-1.0284358,-0.14957583,-2.7896943,95,-65.48323264371831,-102.84357241988182,0.7918200420290213,40,1.8638879,6.44876,13.294656700168586,-82.84816175699234,-134.55881863832474,0.62213403,-8.344650304081824e-09,-0.00961870327591896,0.0,0.009907209314405918,0.009618694931268656,200.44281125068665,1.8440511226654053
0.07142329216003418,0.847231388092041,0.020336627960205078,97.40348807093804,0.48887053,-1.1458118,-0.09779882,-3.4863744,96,-74.04543520408278,-114.58117381278426,0.7897252528768018,40,1.8526272,6.3765497,18.9784099694424,-79.28632831573486,-154.50214993953705,0.61806935,3.576278717609682e-10,-0.010380626656115055,0.0,0.006462511140853167,0.010380627013742927,202.31601119041443,1.8688137531280518
0.0704498291015625,0.8524959087371826,0.019690990447998047,110.69772790519255,0.50474906,-1.0663698,-0.021710362,-3.5457025,97,-67.42582287905736,-106.63697410821915,0.7336191027401306,40,1.8374094,6.280247,10.420233929206155,-89.60502681136131,-131.79930597543716,0.6142353,2.9802322831784522e-09,-0.011445147916674614,0.0,0.006631226744502783,0.011445150896906897,204.1963493824005,1.8757269382476807
0.06973123550415039,0.8213489055633545,0.019255876541137695,99.31189457873978,0.481403,-1.1280345,-0.11236559,-2.8655493,98,-73.52944116584517,-112.80344458818436,0.7658463473096635,40,1.8023015,6.0635867,20.124371038241918,-80.15891519188881,-161.50166577100754,0.6037428,-3.5762786065873797e-09,-0.011755065061151981,0.0,0.006482834927737713,0.011755061484873375,206.03268718719482,1.8319029808044434
0.07083559036254883,0.8906435966491699,0.01999640464782715,97.97280963241866,0.47854096,-1.2299681,-0.12962197,-2.6017842,99,-77.95758826809165,-122.99680631905794,0.6389061940244358,40,1.8104597,6.1132574,14.970170425025273,-81.25666946172714,-155.33347010612488,0.60577846,-4.291534239087014e-09,-0.009900132194161415,0.0,0.006555357947945595,0.009900127902627176,207.94286632537842,1.9056780338287354
0.07058405876159668,0.8537266254425049,0.01962900161743164,105.07153818127185,0.50948626,-1.1361619,-0.17282793,-2.8999531,100,-73.4304214085532,-113.61618451662362,0.8858944452054256,40,1.8261758,6.2100925,11.023739139474214,-93.13777214288712,-142.3384332060814,0.61149806,-3.4570692974966732e-09,-0.013641105964779854,0.0,0.00984262116253376,0.013641102507710556,209.80834937095642,1.8611528873443604
0.0720663070678711,0.8382918834686279,0.019847631454467773,100.48083924397658,0.49566635,-1.1502281,-0.18321326,-2.8814814,101,-74.49906539192463,-115.02282284498214,0.9435194467763891,40,1.8578283,6.409801,14.00089754949921,-87.38178935647011,-146.15823683142662,0.62141454,1.0728836485895954e-08,-0.012583749368786812,0.0,0.006517662666738033,0.012583760097623298,211.66554808616638,1.853198766708374
0.07117247581481934,0.8605587482452393,0.019886016845703125,94.46151986723888,0.48367995,-1.194967,-0.15641218,-3.3394043,102,-78.77844172230365,-119.49670003242791,0.9277331649042454,40,1.8515489,6.369678,14.301977439430319,-85.07408787310123,-145.05953633785248,0.6189568,2.169609025770569e-08,-0.011479374021291733,0.0,0.0064172218553721905,0.01147939571738199,213.53222823143005,1.862442970275879
0.07101726531982422,0.8309767246246338,0.019997358322143555,104.18638773474132,0.4970819,-1.0744458,-0.0017860378,-2.3724241,103,-69.01339752269982,-107.44458772352664,0.920019392191258,40,1.8517419,6.3709073,11.727861319224697,-76.59771951986477,-131.28886207938194,0.6205144,-7.152557435219364e-10,-0.01266335416585207,0.0,0.009038260206580162,0.012663353450596326,215.3988642692566,1.8622558116912842
0.07022261619567871,0.8171961307525635,0.020249605178833008,98.28896052941988,0.50322485,-1.1280538,-0.12905005,-2.2892137,104,-71.87506248695041,-112.80538044162094,0.9314019441784331,40,1.8666838,6.466816,15.400519463482288,-78.80858564376831,-142.14053159952164,0.62603056,1.0609626954760643e-08,-0.010352310724556446,0.0,0.006440996192395687,0.0103523213341834,217.2516222000122,1.848341941833496
0.07171416282653809,0.8352835178375244,0.019415616989135742,100.69204256505542,0.5006918,-1.1307386,-0.06884932,-2.4613874,105,-72.87797211812895,-113.0738592742011,0.9020603313367044,40,1.8543357,6.3874536,14.667915016379137,-85.6990150809288,-150.45852282643318,0.6243301,6.258487617039066e-10,-0.007543301675468683,0.0,0.006650205701589584,0.007543302301317445,219.1142222881317,1.857987880706787
0.07004785537719727,0.8562602996826172,0.019931316375732422,102.05936656071457,0.49692374,-1.1385372,-0.12426328,-2.2606854,106,-73.10397500997185,-113.85370855350047,0.9604679352151174,40,1.8478507,6.3461647,13.824683492827104,-85.51677748560905,-136.06913083791733,0.6244828,5.006790093631253e-09,-0.014477175660431385,0.0,0.009948047809302807,0.014477180667221479,220.99722337722778,1.8781318664550781
0.0708611011505127,0.8222310543060303,0.019665002822875977,98.57113960479869,0.49387282,-1.1854233,-0.12903412,-2.9685867,107,-76.69989947034814,-118.54232586063445,0.8722652638712741,40,1.8771663,6.5349603,30.397374379109312,-72.44153296947479,-198.05441963672638,0.6334771,-0.0,-0.014318480156362057,0.0,0.006707272492349148,0.014318480156362057,222.85674333572388,1.8551013469696045
0.07469797134399414,0.8230700492858887,0.019535541534423828,101.05690247000206,0.49492675,-1.1371762,-0.13222769,-2.9359639,108,-73.69576164320809,-113.71762137971818,0.8236773236307979,40,1.8861108,6.5936747,17.862943899641458,-82.76195773482323,-161.11405444145203,0.633099,-1.1563301427486294e-08,-0.009300386533141136,0.0,0.00666612945497036,0.009300374969839709,224.70352625846863,1.8424489498138428
0.06998062133789062,0.8395438194274902,0.019833803176879883,102.35260072389822,0.4825364,-1.1194506,-0.07212266,-2.8194084,109,-71.14027454501968,-111.94505091831088,0.9007414699918619,40,1.8492436,6.355011,26.73896312260031,-77.97632731497288,-184.5311975479126,0.6235211,3.218650901359865e-09,-0.00982272531837225,0.0,0.0066957538947463036,0.009822728537023151,226.56417417526245,1.8563058376312256
0.07083749771118164,0.8211781978607178,0.019524097442626953,93.37106643468802,0.4715167,-1.1607342,-0.1407347,-3.1232948,110,-73.95719407072018,-116.07342274710535,0.9477307780776331,40,1.8580608,6.411292,24.038669615397623,-73.10122768580914,-177.8842460513115,0.62613916,5.424022564426423e-09,-0.012997062876820564,0.0,0.006447275634855032,0.012997068300843129,228.4032483100891,1.8351988792419434
0.07004666328430176,0.8264503479003906,0.0196535587310791,101.96585326018291,0.48894528,-1.155043,-0.08870873,-2.6290426,111,-73.593796475863,-115.50430046562106,0.9595458464605676,40,1.850336,6.3619566,28.27742993133961,-67.4182397723198,-175.3185514807701,0.6228363,4.291534239087014e-09,-0.008903182111680508,0.0,0.006498909089714289,0.008903186403214747,230.2615029811859,1.8538000583648682
0.0722496509552002,0.8496677875518799,0.020724058151245117,98.12940317742944,0.5114367,-1.0946126,-0.07251986,-2.267737,112,-69.68794975862933,-109.46124999467284,0.5160809135609704,40,1.8579007,6.410266,17.90124209122987,-77.41693362593651,-141.5421662926674,0.62551427,-1.4066696252257316e-08,-0.013212242163717747,0.0,0.006435963790863752,0.013212228097021494,232.16435933113098,1.8983490467071533
0.07163763046264648,0.8169102668762207,0.01991128921508789,96.9720152326466,0.49696082,-1.0182867,-0.0031599805,-2.3995728,113,-65.60376064336761,-101.82867731164443,0.7950356084797501,40,1.8709502,6.494465,11.431529035391156,-75.59137478470802,-127.39606520533562,0.6302404,2.98023217215615e-10,-0.010200695134699345,0.0,0.006661249324679375,0.010200695432722562,234.00509214401245,1.8361420631408691
0.06995487213134766,0.8212904930114746,0.02012324333190918,104.89182461150817,0.49466723,-1.1356133,-0.0013154453,-3.0105486,114,-73.16966944097854,-113.56133273680753,0.9413371118961521,40,1.8633711,6.4454284,17.09913182074359,-85.77805000543594,-163.81837850809097,0.62756497,5.2452087118126656e-09,-0.01738239824771881,0.0,0.00978582352399826,0.017382403492927523,235.921391248703,1.9115638732910156
0.07172656059265137,0.918022632598877,0.020175933837890625,104.53095070798922,0.49727097,-1.0655354,-0.11262392,-2.1661646,115,-67.84445797899733,-106.55354267079383,0.9440614691059861,40,1.861198,6.4314365,15.061268240573135,-75.96906265616417,-140.20640349388123,0.628121,-5.4836273299940785e-09,-0.019630415365099907,0.0,0.009506305679678917,0.019630409881472577,237.99359107017517,2.0669970512390137
0.07089447975158691,0.838494062423706,0.019492626190185547,102.38249773208163,0.4962491,-1.1692967,-0.11913356,-2.7837646,116,-75.35298503432996,-116.92967892922461,0.9337561935114159,40,1.8630124,6.443117,22.96022860365463,-81.16599231958389,-187.2652241885662,0.6294572,-5.9604645663569045e-09,-0.012318061664700508,0.0,0.009875108487904072,0.012318055704235942,239.8797092437744,1.882159948348999
0.07093000411987305,0.824474573135376,0.019800424575805664,100.06400852824702,0.49156207,-1.1718938,-0.14300847,-2.3166552,117,-74.02049411893738,-117.18936800658703,0.9513604077255234,40,1.8034936,6.0708194,18.446342756101593,-73.36739784479141,-161.25191849470139,0.61251646,-5.424022564426423e-09,-0.009942978620529175,0.0,0.008864466100931168,0.00994297319650661,241.7177710533142,1.8336291313171387
0.0708775520324707,0.8184025287628174,0.019567012786865234,99.54270549715379,0.4956256,-1.1825196,-0.2600156,-2.5816774,118,-75.63557666551333,-118.25195067301392,0.940445356739505,40,1.8053784,6.082273,13.557201137793795,-89.64950042963028,-146.0854406952858,0.61310744,4.410743770222325e-09,-0.007692858576774597,0.0,0.006551623344421387,0.007692862987518367,243.57486629486084,1.8535799980163574
0.07031464576721191,0.823016881942749,0.020213603973388672,99.85781498955598,0.49177447,-1.1251267,-0.17425281,-2.3078532,119,-73.80211878779248,-112.51267660632729,0.9106958507442846,40,1.753725,5.7760787,12.854395527283696,-88.05790954828262,-147.97483813762665,0.59879625,-2.0265580324974053e-09,-0.010707023553550243,0.0,0.006874404847621918,0.010707021526992211,245.45554614067078,1.8773739337921143
0.07285261154174805,0.8579626083374023,0.019991397857666016,101.46809911980894,0.48716787,-1.1847413,-0.17554906,-1.9573616,120,-75.36689123637301,-118.47412822172046,0.9492600872753046,40,1.7437224,5.7185907,14.498911284594149,-90.9820247888565,-149.11265701055527,0.5952872,1.6033649075097856e-08,-0.011624261736869812,0.0,0.00938376598060131,0.011624277770518887,247.34753918647766,1.8877251148223877
0.07326340675354004,0.87276291847229,0.021126747131347656,101.87779582337363,0.4922696,-1.1767559,-0.17642562,-2.17936,121,-75.35795689485958,-117.67558803781867,0.9366544826589845,40,1.7941058,6.0140944,23.693917359776336,-83.60702377557755,-170.7946400642395,0.6128162,-7.56979012805914e-09,-0.012651004828512669,0.0,0.009640231728553772,0.01265099725872254,249.23697018623352,1.8853669166564941
0.07027292251586914,0.8077397346496582,0.020047664642333984,97.41573521048078,0.49152267,-1.006885,-0.1083352,-2.351357,122,-65.93191366502745,-100.68850379548967,0.9080085461647608,40,1.8176289,6.1572413,11.65590080636233,-84.21477672457695,-127.57367587089539,0.6229607,2.4318694613612024e-08,-0.009435138665139675,0.0,0.006593653466552496,0.009435162983834289,251.08874320983887,1.8472959995269775
0.06948304176330566,0.8491969108581543,0.019546985626220703,104.34376409772449,0.49586484,-1.1604189,-0.17970602,-2.7548892,123,-75.69708359366037,-116.04187996797263,0.8006648272706522,40,1.7939109,6.0129223,18.212479446642806,-73.58819614350796,-163.29237020015717,0.61616737,-1.1920929132713809e-08,-0.013060977682471275,0.0,0.0068648806773126125,0.013060965761542143,252.9696922302246,1.8765838146209717
0.07027101516723633,0.8369641304016113,0.021407365798950195,102.5698000926041,0.49545178,-1.1206951,-0.10589587,-2.576387,124,-74.24282508170653,-112.06951410453766,0.9028947774714307,40,1.7612611,5.8197722,13.264428197079953,-86.6448321044445,-134.06564664840698,0.60686827,-2.172589219640031e-08,-0.011554667726159096,0.0,0.00685517955571413,0.0115546460002669,254.8566451072693,1.8820569515228271
0.07485413551330566,0.8986754417419434,0.022004127502441406,102.50828686161674,0.49172342,-1.0826907,-0.045692943,-2.27323,125,-69.59451763866669,-108.2690774936229,0.9049278244089328,40,1.747177,5.7383804,14.042225429147908,-78.66159835457802,-140.8800030052662,0.60016644,3.933906533859499e-09,-0.013067759573459625,0.0,0.009570287540555,0.013067763507366159,256.8024072647095,1.9412100315093994
0.07225394248962402,0.8593623638153076,0.020635604858398438,103.08207935856669,0.49765387,-1.1919049,-0.012609373,-2.1429777,126,-76.65626349036906,-119.19048797914293,0.9011232082194423,40,1.7673069,5.855064,9.572784973884083,-101.54826056957245,-140.44806134700775,0.6050373,-3.361702027859792e-08,-0.009141570888459682,0.0,0.007356143556535244,0.009141537271439404,258.7069602012634,1.9004590511322021
0.07108831405639648,0.9155800342559814,0.020476102828979492,100.36784260145677,0.48505932,-1.0710862,-0.0029525193,-2.5554829,127,-68.8863548160311,-107.10862136323703,0.8935721977644548,40,1.7866629,5.9694986,15.223405381550661,-76.51969993440434,-144.3739451766014,0.6128412,4.291534239087014e-09,-0.00901633407920599,0.0,0.0065676323138177395,0.009016338370740229,260.71438002586365,2.003154993057251
0.07393574714660645,0.8734591007232666,0.020160675048828125,101.84599293180254,0.49909446,-1.166119,-0.0205633,-2.1613429,128,-74.3972575287397,-116.61190647245385,0.9638673439810734,40,1.8089026,6.1037455,7.323130483008674,-97.88098212145269,-130.9374029636383,0.6169147,-7.152557435219364e-10,-0.01165983360260725,0.0,0.00944375991821289,0.011659832887351507,262.63205099105835,1.9106390476226807
0.0728909969329834,0.8734972476959229,0.02097177505493164,101.81015836441927,0.49255782,-1.174582,-0.10645237,-2.4184139,129,-74.01982684272085,-117.45820021200925,0.8151131751501937,40,1.8719596,6.5010233,18.525412162435636,-84.29254952073097,-156.53824573755264,0.63561505,-2.4616717553271883e-08,-0.01281888596713543,0.0,0.009977422654628754,0.012818861350417876,264.5246341228485,1.8882179260253906
0.07266974449157715,0.8591153621673584,0.020482540130615234,105.05567407148517,0.4976373,-1.202524,-0.16543135,-2.4423137,130,-76.66886738249272,-120.25238686650991,0.9337141821790789,40,1.8465539,6.3379407,15.886692593677193,-92.25197553634644,-146.49092000722885,0.62734085,-1.7285346487483366e-08,-0.012173449620604515,0.0,0.00661133648827672,0.012173432335258028,266.430988073349,1.9020142555236816
0.07216882705688477,0.8529531955718994,0.019688844680786133,100.23042951661459,0.47996894,-1.2591568,-0.0888837,-2.373547,131,-81.69581329613413,-125.91568871252238,0.9184280226357143,40,1.8179798,6.159403,12.758742525899534,-103.41346988081932,-153.71225586533546,0.62093174,-4.768371808516747e-10,-0.01186321023851633,0.0,0.006584842689335346,0.01186320976167915,268.3222451210022,1.8860280513763428
0.07186102867126465,0.8493692874908447,0.0204620361328125,102.81354587431001,0.49323788,-1.1605,-0.11779067,-2.3218398,132,-74.09150987814324,-116.05000285804272,0.8828301812943592,40,1.7917246,5.9997907,17.78798349696435,-85.47660166025162,-157.58312648534775,0.611391,4.291534239087014e-09,-0.011083221063017845,0.0,0.006813231855630875,0.011083225354552084,270.2200651168823,1.8925378322601318
0.0714561939239502,0.8516266345977783,0.020085573196411133,101.18171472961596,0.4973488,-1.0946898,-0.08712093,-1.997835,133,-70.54398777452876,-109.46897669397295,0.7642569079989627,40,1.7644634,5.838439,13.202948530275698,-79.67543432116508,-129.38487914204597,0.60448605,1.3709068324985196e-09,-0.012341604568064213,0.0,0.006573972292244434,0.012341605938971045,272.1296331882477,1.9054889678955078
0.07168912887573242,0.8409874439239502,0.020353078842163086,99.74783792493511,0.4865885,-1.1805624,-0.07638573,-2.2217054,134,-76.14582329388236,-118.05623957347125,0.830668764402416,40,1.7278205,5.6283736,11.628018853401224,-100.93991285562515,-148.18223881721497,0.5960072,-3.445148522018826e-08,-0.01817086711525917,0.0,0.009504199959337711,0.01817083266377395,273.99724817276,1.8628041744232178
0.07169699668884277,0.8586897850036621,0.0201876163482666,104.59899377324757,0.49124202,-1.1063159,-0.03871343,-2.452342,135,-71.29984250517946,-110.63157858829945,0.8897963110051454,40,1.7574729,5.797767,18.529762185037203,-87.4229786992073,-159.13421660661697,0.6042285,-1.6689301052252858e-09,-0.007770764175802469,0.0,0.00661113578826189,0.007770762506872364,275.9034171104431,1.9010939598083496
0.07267355918884277,0.8615849018096924,0.019774913787841797,104.19076975264423,0.48761153,-1.1568112,-0.087620355,-2.4633641,136,-74.2818992109313,-115.68112415298819,0.924235052475326,40,1.7086333,5.5214105,18.069343474004526,-93.3145732730627,-162.21723473072052,0.58958954,-1.3649463781462146e-08,-0.009945414960384369,0.0,0.00652859453111887,0.009945401310920587,277.80362701416016,1.8956000804901123
0.07111883163452148,0.8664042949676514,0.020096302032470703,102.01334521569314,0.4900466,-1.1368635,-0.042910855,-2.247716,137,-71.83816491109603,-113.68634903402999,0.7883412840076776,40,1.7065979,5.5101833,17.069335374738184,-83.326320707798,-156.43427073955536,0.5893407,9.53674295089968e-09,-0.01144722942262888,0.0,0.006563149392604828,0.01144723895937183,279.6935622692108,1.8854458332061768
0.07172346115112305,0.85487961769104,0.019742965698242188,95.81552771495242,0.4899311,-1.2175528,-0.15055136,-2.7612953,138,-78.68294866249778,-121.75528099015355,0.7554770338008397,40,1.7269726,5.623603,20.234363725934898,-80.42413002252579,-173.56520774960518,0.5940771,-1.19209286886246e-09,-0.010266772471368313,0.0,0.00674634100869298,0.010266771279275444,281.58224630355835,1.8846468925476074
0.0711822509765625,0.8466389179229736,0.020143985748291016,97.29097930700996,0.49458507,-1.1284732,-0.040595546,-2.4414165,139,-72.91242995643952,-112.84730847086757,0.9124606588444327,40,1.7421398,5.7095475,12.292649873927369,-88.28601011633873,-155.61920696496964,0.5991617,-7.1525572131747595e-09,-0.013763056136667728,0.0,0.00647825887426734,0.013763048984110515,283.4620351791382,1.8754191398620605
0.0708777904510498,0.9211432933807373,0.01994466781616211,98.56682029369645,0.48094454,-1.2572049,-0.09068632,-2.9935255,140,-81.37829844100766,-125.72049535885454,0.8259907811650865,40,1.7632222,5.8311963,25.946456185921217,-93.04986830055714,-177.12668597698212,0.60253495,-3.218650945768786e-08,-0.011142091825604439,0.0,0.009974805638194084,0.011142059639094981,285.4108281135559,1.9446232318878174
0.07095575332641602,0.8335278034210205,0.0203402042388916,94.95806224702963,0.5048089,-1.1031255,-0.019559955,-3.2673151,141,-71.53017585730068,-110.31255309390835,0.896770928524166,40,1.773592,5.891979,17.853424458776185,-79.31137603521347,-147.71227711439133,0.6038617,-5.2452087118126656e-09,-0.011512549594044685,0.0,0.009635108523070812,0.011512544348835974,287.28383207321167,1.8655378818511963
0.07208967208862305,0.8672573566436768,0.01969003677368164,103.12102491234675,0.5102131,-1.0926504,-0.10169733,-2.92466,142,-71.31196254923586,-109.26504332553596,0.8910650707278852,40,1.7815439,5.9390182,8.614860203220186,-92.51982852816582,-127.02233558893204,0.60735965,-5.334615860164149e-09,-0.009726093150675297,0.0,0.006895874161273241,0.009726087816059437,289.1911470890045,1.9031517505645752
0.07149481773376465,0.836756706237793,0.020897626876831055,96.38642496331957,0.49781522,-1.0671031,-0.09561252,-2.92597,143,-69.32055755204706,-106.71031567174941,0.9361597358715317,40,1.7600539,5.8127503,12.267143296768058,-86.70491263270378,-144.27186334133148,0.6004656,3.933906533859499e-09,-0.015453843399882317,0.0,0.009818242862820625,0.01545384733378885,291.1319041252136,1.9365482330322266
0.07239484786987305,0.8513758182525635,0.020341873168945312,99.89771880964085,0.49041337,-1.1090976,-0.013030962,-3.5229533,144,-73.03569474242124,-110.90976652551907,0.9642055526507994,40,1.7326692,5.6557302,16.66045136737582,-89.3629778623581,-153.98016041517258,0.5896213,1.204013866384912e-08,-0.008987125009298325,0.0,0.006531732622534037,0.008987137049436988,293.0399250984192,1.9038939476013184
