MaxReturn,IRLLoss,MeanKLBefore,AverageDiscountedReturn,AverageReturn,dLoss,PolicyExecTime,LossBefore,ProcessExecTime,ExplainedVariance,LossAfter,Perplexity,EnvExecTime,Iteration,IRLRewardMin,MinReturn,Time,IRLRewardMax,Entropy,StdReturn,NumTrajs,IRLRewardMean,OriginalTaskAverageReturn,MeanKL,AveragePolicyStd,ItrTime
-129.49189639091492,0.5234148,0.0,-119.73819579793451,-199.97863701283933,0.009493678852915854,0.05120110511779785,1.907348723406699e-09,0.005123138427734375,6.463163337855349e-12,-0.009493676945567131,4.1327305,0.031517744064331055,0,-3.433443,-235.32861840724945,0.9567055702209473,-0.45669225,1.4189383,37.134894302621674,10,-1.9997864,-672.9773821018701,0.00712005328387022,1.0,0.9567108154296875
-121.98641121387482,0.3664942,0.0,-149.6914013664573,-251.2650255382061,0.010113954573869322,0.041806936264038086,1.120567283408036e-08,0.006905555725097656,0.8375639710698102,-0.010113943368196487,4.2031317,0.03290557861328125,1,-4.797523,-327.6699405312538,1.1576192378997803,-0.22783625,1.4358299,56.65135775920876,10,-2.5126505,-670.4266441761744,0.007176558952778578,1.0170348,0.19623970985412598
-140.77760916948318,0.29247096,0.0,-158.45554159453073,-260.9344423577189,0.012598196581006249,0.04319500923156738,-6.9141385949933465e-09,0.005490779876708984,0.9139929055355284,-0.012598203495144844,4.148633,0.031899452209472656,2,-5.1531253,-348.357476785779,1.3584692478179932,-0.12924409,1.4227788,72.3426507652302,10,-2.6093442,-669.0511051481328,0.005196547135710716,1.0038472,0.18169903755187988
-140.34109833836555,0.2515338,0.0,-165.37443933925965,-272.91312517523767,0.011843988865613886,0.04528975486755371,-1.6689301052252858e-09,0.00580286979675293,0.8648787254778518,-0.011843990534543991,4.206896,0.033969879150390625,3,-5.026433,-335.3378261849284,1.546800136566162,-0.08327178,1.436725,65.07423900964966,10,-2.7291312,-670.4873012088945,0.008963584899902344,1.0179454,0.1814126968383789
-182.66563579440117,0.26613128,0.0,-154.1038426238569,-258.32918283343315,0.019652783766388904,0.045049428939819336,5.4836273299940785e-09,0.005747318267822266,0.9473938488448919,-0.019652778282761574,4.332136,0.035804033279418945,4,-4.58131,-312.5183247625828,1.7421681880950928,-0.063578315,1.4660608,42.72647677646123,10,-2.583292,-646.588333409524,0.00628530140966177,1.0482502,0.18657469749450684
-197.54641462862492,0.21461543,0.0,-174.09369186327723,-283.7554368978366,0.006250762861222059,0.0461883544921875,-1.8477439578390431e-09,0.00574946403503418,0.7960358232013964,-0.006250764708966017,4.3401394,0.03486967086791992,5,-5.2683434,-337.8519011437893,1.9418973922729492,-0.029785013,1.4679065,52.572140225177634,10,-2.8375542,-660.1030877762533,0.006259615067392588,1.0501864,0.19217419624328613
-135.74357414245605,0.2302342,0.0,-141.31279172065925,-232.78821101933718,0.023142753556370632,0.04179549217224121,-3.3378602104505717e-09,0.005690574645996094,0.8720800507274351,-0.023142756894230843,4.365733,0.034189701080322266,6,-4.9349914,-289.62402279675007,2.1321213245391846,-0.048316255,1.4737861,49.710461842785904,10,-2.327882,-647.2817754655193,0.008750933222472668,1.0563796,0.1820669174194336
-140.07509941980243,0.27129146,0.0,-134.5482412000312,-223.90296432934701,0.009453469887375832,0.0413970947265625,7.450580596923828e-09,0.005579710006713867,0.8518945055375619,-0.009453462436795235,4.510303,0.03473472595214844,7,-4.7297688,-271.7583451643586,2.31619930267334,-0.043230772,1.5063643,42.78961142940333,10,-2.23903,-584.8853522716977,0.00734300259500742,1.091361,0.17722487449645996
-157.42284852266312,0.23287159,0.0,-153.12244705119826,-249.62068155780435,0.01893375225365146,0.0431826114654541,7.1525572131747595e-09,0.005676746368408203,0.9195309028906142,-0.018933745101094246,4.566638,0.03458237648010254,8,-5.0442944,-306.46174758672714,2.5158252716064453,-0.05030624,1.5187773,53.20354607783001,10,-2.4962068,-614.1467789323262,0.009633651934564114,1.1049926,0.19249272346496582
-163.4823701865971,0.20939155,0.0,-152.3988811486783,-242.58826867230238,0.024257783100008812,0.04257631301879883,5.841255035221593e-09,0.006058931350708008,0.7547371925766715,-0.024257777258753777,4.6271634,0.03429889678955078,9,-5.523106,-329.22099763154984,2.7040951251983643,-0.03881703,1.531944,53.0178799584396,10,-2.4258828,-645.9397295823308,0.007219532039016485,1.1196383,0.181840181350708
-183.94339103996754,0.21507487,0.0,-140.750759902859,-228.1247934198007,0.019466690659523778,0.04838418960571289,-1.4960765071236892e-08,0.006182670593261719,0.8708251927227331,-0.01946670562028885,4.767622,0.03150033950805664,10,-4.98028,-298.7065277695656,2.9171183109283447,-0.022356125,1.5618477,35.20332439245064,10,-2.281248,-589.2810546362294,0.00894931796938181,1.1536252,0.19520998001098633
-215.0789773464203,0.19726628,0.0,-157.8400833333897,-254.84950781166555,0.019799753978848367,0.043654441833496094,-1.907348723406699e-09,0.0055277347564697266,0.9028792170960824,-0.01979975588619709,4.8200765,0.03229522705078125,11,-5.4383907,-306.2148688137531,3.1096677780151367,-0.0735583,1.5727898,31.4412259235064,10,-2.548495,-583.0328767610853,0.009811611846089363,1.1663171,0.1824185848236084
-144.00056501850486,0.22576657,0.0,-150.80902249918356,-238.3562130779028,0.016637805759906588,0.04086613655090332,-3.814697446813398e-09,0.005517482757568359,0.6090680307987426,-0.016637809574604034,4.84672,0.03409385681152344,12,-4.2540526,-315.91199946403503,3.2997004985809326,-0.031256847,1.5783023,53.264255741462044,10,-2.383562,-607.6607203603405,0.006577073130756617,1.1727642,0.18001770973205566
-192.0684596300125,0.2422304,0.0,-158.2292239623452,-244.27753889113666,0.016446868568658957,0.042222023010253906,6.1988831845383174e-09,0.005639076232910156,0.9406983584183829,-0.016446862369775772,4.893473,0.034883975982666016,13,-4.75394,-327.9819561243057,3.4920358657836914,-0.13865641,1.5879023,42.95566439426066,10,-2.4427755,-554.2815705866859,0.0068022566847503185,1.1840776,0.18405771255493164
-205.1757182776928,0.27322814,0.0,-136.14640351398626,-218.77581399828196,0.026140907511114975,0.047290802001953125,-1.1444091896350983e-08,0.0059299468994140625,0.7997719324782624,-0.02614091895520687,4.954019,0.034891605377197266,14,-4.6081605,-238.64643819630146,3.6845390796661377,-0.029617693,1.6001992,9.14315504735087,10,-2.187758,-495.889910285268,0.008666413836181164,1.1987277,0.1864469051361084
-194.16877657175064,0.24294753,0.0,-151.89040465684735,-237.83163312133402,0.02537467308342478,0.04619455337524414,2.0265579436795633e-08,0.00551152229309082,0.9131255606627088,-0.025374652817845345,4.9339213,0.03293490409851074,15,-4.7406883,-271.0001690983772,3.86563777923584,-0.020567134,1.5961341,23.723178563860195,10,-2.3783164,-573.131926620322,0.00869907159358263,1.1938641,0.17420673370361328
-91.37264484353364,0.28619236,0.0,-146.79994902572327,-229.5713293680921,0.01900536680221554,0.04316115379333496,1.1324882143171067e-09,0.005778312683105469,0.7540866671003262,-0.019005365669727325,4.99966,0.03511929512023926,16,-4.64834,-280.0303357243538,4.055001735687256,-0.025150476,1.6093699,54.04926477877467,10,-2.2957134,-526.1230649690402,0.0071181259118020535,1.2097715,0.18323278427124023
-146.9441208988428,0.2415452,0.0,-144.9892429673798,-228.48146438337864,0.014668754912912974,0.04814791679382324,2.1100044378385974e-08,0.005676746368408203,0.8195596392632916,-0.014668733812868595,5.046508,0.03226327896118164,17,-4.966217,-272.0358584821224,4.261585474014282,-0.04195931,1.6186965,43.78698999703494,10,-2.2848144,-517.1482739885867,0.006690355949103832,1.2211071,0.18456387519836426
-207.24664708971977,0.23356937,0.0,-145.00459957348988,-231.18761027604342,0.01772132091224199,0.0437314510345459,-2.38418573772492e-09,0.006199359893798828,0.8730645028285213,-0.017721323296427727,5.0247235,0.03529858589172363,18,-4.7103653,-274.5486776828766,4.447252988815308,-0.085304394,1.6143705,25.311066576562773,10,-2.311876,-551.4596935302868,0.008778497576713562,1.2158363,0.17812538146972656
-180.20610931143165,0.2319067,0.0,-157.98861811076242,-245.7922265958041,0.018736937656998798,0.04517960548400879,1.4543533488620142e-08,0.005715131759643555,0.8265757011048472,-0.01873692311346531,4.8873053,0.03457379341125488,19,-5.297964,-299.32716274261475,4.633250713348389,-0.054073237,1.5866411,32.619084234228914,10,-2.4579225,-543.5560127435122,0.007161113899201155,1.1825848,0.17988872528076172
-164.7579108774662,0.28142372,0.0,-149.79369238916354,-238.2072428226471,0.02432399784028494,0.048154592514038086,-7.629394893626795e-09,0.005591869354248047,0.824556506435848,-0.024324005469679832,4.931485,0.03596186637878418,20,-5.340292,-301.4133987426758,4.820964813232422,-0.052520283,1.5956402,40.6882945821919,10,-2.3820724,-493.33964313064615,0.008517701178789139,1.1932746,0.18160676956176758
-198.96292209625244,0.29110086,0.0,-157.07022784388562,-248.32181418947874,0.02112714184820641,0.04335665702819824,-2.0265580324974053e-09,0.0055658817291259766,0.8531583307657622,-0.021127143874764442,4.932831,0.0339360237121582,21,-5.480917,-298.705095410347,5.001918315887451,-0.03879224,1.595913,25.8363184090876,10,-2.483218,-453.54343616588324,0.008689497597515583,1.1936008,0.17487406730651855
-138.9141678661108,0.3162805,0.0,-138.06989419390632,-223.55079745277763,0.019778534546494697,0.047010183334350586,-9.53674295089968e-09,0.006348609924316406,0.8628582207863078,-0.019778544083237648,5.0181837,0.03569769859313965,22,-4.9167256,-268.4175982475281,5.194272994995117,-0.035286807,1.6130681,33.92220765367886,10,-2.2355077,-474.88068776399143,0.006562466733157635,1.2142541,0.18454575538635254
-178.16510032489896,0.29503274,0.0,-145.7679244764771,-232.82296920772643,0.01725315292179541,0.04425621032714844,-9.417534307942788e-09,0.005850315093994141,0.7639834280226185,-0.01725316233932972,5.0610623,0.0359036922454834,23,-5.107877,-295.770441532135,5.389055252075195,-0.027673932,1.6215764,40.153084770163915,10,-2.32823,-499.1917828218866,0.008361290208995342,1.2246294,0.1874399185180664
-223.2085455134511,0.21984237,0.0,-177.48577170237255,-284.56839011609554,0.015923486694693345,0.042018890380859375,-4.0531160649948106e-09,0.0058176517486572266,0.8815465520126813,-0.01592349074780941,5.115438,0.03246617317199707,24,-6.5158253,-359.7987232208252,5.579723358154297,-0.056447245,1.6322631,41.333899643914286,10,-2.845684,-502.04072988841733,0.007516298443078995,1.2377867,0.1773688793182373
-141.7778125628829,0.309378,0.0,-135.1943232429749,-217.31907709762453,0.014363857686519488,0.04514598846435547,1.0013580187262505e-08,0.005819797515869141,0.6586994919297421,-0.0143638476729393,5.1743784,0.0350642204284668,25,-5.267581,-314.9983811378479,5.7799437046051025,-0.06608365,1.6437192,46.4173407757242,10,-2.1731908,-451.6180888942005,0.00808658730238676,1.2520484,0.19418573379516602
-211.84575536847115,0.25541016,0.0,-147.05451120529406,-234.41808142513037,0.02029084308445439,0.040175676345825195,4.529952857268427e-09,0.005412101745605469,0.8550757819976618,-0.020290838554501534,5.159246,0.03158998489379883,26,-5.5323195,-262.19408045709133,5.9810404777526855,-0.018263161,1.6407905,16.080933928898,10,-2.3441808,-506.60873062359633,0.007930833846330643,1.2483863,0.17956829071044922
-189.2800094857812,0.28697383,0.0,-157.80524727206108,-261.0278848599643,0.015687817320227282,0.04674196243286133,1.078844036328519e-08,0.0055980682373046875,0.7699999744636665,-0.01568780653178692,5.0901604,0.0337679386138916,27,-6.721905,-328.87311497330666,6.172946214675903,-0.03502016,1.6273093,45.978551756426555,10,-2.6102788,-482.43237205816956,0.008487404324114323,1.2316697,0.18515729904174805
-166.5981802791357,0.30224293,0.0,-158.35470459770292,-261.50003875792027,0.014977694839239053,0.04572463035583496,5.006790093631253e-09,0.0057163238525390625,0.7599650136658751,-0.01497768983244896,4.9728446,0.03439450263977051,28,-6.696591,-366.9569964557886,6.355851888656616,-0.058746118,1.603992,61.51378557011461,10,-2.6150002,-434.47933785027755,0.008847623132169247,1.2032825,0.17658257484436035
-170.43105940893292,0.27576616,0.0,-150.03882971850604,-235.63652197904884,0.017105068445205873,0.04295682907104492,1.0609626954760643e-08,0.006026744842529297,0.7376767577004661,-0.01710505783557892,4.8861904,0.08002233505249023,29,-5.639193,-260.63674479722977,6.591967344284058,-0.038825516,1.5864129,29.13527197484117,10,-2.3563652,-543.1857851967468,0.008871171623468399,1.1823157,0.22884559631347656
-194.6956989839673,0.25050992,0.0,-158.99330743469866,-249.4142111554742,0.020605572298169506,0.044499874114990234,-8.583068478174027e-09,0.005602836608886719,0.8327605512433043,-0.020605580881237984,4.7738924,0.03484773635864258,30,-5.345002,-293.33476918935776,6.774251222610474,-0.017818488,1.563162,30.457213983105653,10,-2.494142,-485.8462189041552,0.008941791951656342,1.1551425,0.17426824569702148
-201.66052922606468,0.26687253,0.0,-154.59535945516527,-238.06212062574923,0.024376433402299114,0.04474592208862305,-2.229213791338225e-08,0.005789756774902344,0.8466526176154542,-0.024376455694437027,4.7825675,0.034595489501953125,31,-5.535462,-301.9793736934662,6.966552734375,-0.052287944,1.5649775,28.75515065506723,10,-2.3806214,-435.6572348239123,0.007188734598457813,1.1572416,0.18624401092529297
-192.0664298683405,0.24671248,0.0,-152.52455630849067,-243.96775212585925,0.01924339452385837,0.04509544372558594,-2.8371811566785254e-08,0.005660533905029297,0.8395706554870872,-0.019243422895669937,4.8367558,0.034693002700805664,32,-6.2032213,-316.19662153720856,7.160572290420532,-0.017889604,1.5762442,30.803088621930073,10,-2.4396777,-471.22828725787286,0.006854023784399033,1.1703533,0.1872854232788086
-193.86891913414001,0.2591442,0.0,-148.43181477307013,-238.00445378869773,0.025232576504349957,0.04172372817993164,1.3709068547029801e-08,0.005692481994628906,0.8548978295070423,-0.02523256279528141,4.8171844,0.0385744571685791,33,-5.455665,-312.0475373864174,7.353402853012085,-0.018889876,1.5721896,32.99087448631904,10,-2.3800445,-444.5195076025182,0.00912962295114994,1.1656177,0.1835165023803711
-179.56191836297512,0.28886566,0.0,-137.9579474235071,-216.3543589234352,0.012867421187459982,0.04741859436035156,-8.106232129989621e-09,0.006424903869628906,0.8373415721556543,-0.012867429293692112,4.950738,0.03459620475769043,34,-4.633689,-243.81657564640045,7.556924104690552,-0.038757607,1.5995367,21.710954023515214,10,-2.1635435,-399.88801784439596,0.007769986055791378,1.1979333,0.19742083549499512
-213.82817367464304,0.2517442,0.0,-152.15889238785613,-240.93068890012802,0.020203808560967457,0.04192399978637695,2.3841859042583735e-10,0.005510807037353516,0.9062524988777719,-0.020203808322548866,4.8562627,0.038111209869384766,35,-5.133547,-276.6185100674629,7.749630689620972,-0.06236035,1.5802691,20.86920234292211,10,-2.409307,-482.7272160954899,0.007545518688857555,1.1750737,0.18648219108581543
-199.28952637314796,0.2780368,0.0,-150.09252244299722,-234.2390989881009,0.022182319700718267,0.04556441307067871,7.83801112902438e-09,0.005586385726928711,0.876196144100538,-0.022182311862707138,4.9305186,0.03496265411376953,36,-5.224382,-317.0701757669449,7.9326255321502686,-0.054539684,1.5954442,32.0139166668593,10,-2.342391,-424.379374751327,0.009575428441166878,1.1930411,0.17519450187683105
-207.79861967638135,0.23268084,0.0,-162.31948711446609,-255.85333686210214,0.017487718135118513,0.045571327209472656,-5.2452087118126656e-09,0.005725860595703125,0.8635740948494532,-0.017487723380327225,4.925139,0.03506588935852051,37,-5.2698483,-275.19328129291534,8.123481273651123,-0.03506967,1.5943525,18.312999541685016,10,-2.5585334,-464.9782672196835,0.0072829085402190685,1.191739,0.18427371978759766
-166.80216266214848,0.26297027,0.0,-137.80266113475074,-225.40548670738934,0.05685187593102459,0.04506683349609375,8.344650304081824e-09,0.006326913833618164,0.8253795724487915,-0.05685186758637428,4.975162,0.03386974334716797,38,-5.3002214,-284.45183312892914,8.311750173568726,-0.028073356,1.604458,32.86292879166011,10,-2.2540548,-440.2323036045802,0.006525356788188219,1.2038438,0.1819143295288086
-158.8149446323514,0.34334847,0.0,-136.02110108587812,-217.06509771160782,0.024271425589919127,0.04786396026611328,-1.1324882143171067e-09,0.005799770355224609,0.8170407055022755,-0.02427142672240734,4.974641,0.036194562911987305,39,-4.7142057,-278.2470837831497,8.515681505203247,-0.044084605,1.6043532,35.62310005952397,10,-2.170651,-442.7503387237201,0.009257915429770947,1.2037177,0.19631123542785645
-148.78878458589315,0.301696,0.0,-139.2358983523005,-222.656708214432,0.026177124291658416,0.04335165023803711,-1.3798475251292075e-08,0.005572319030761719,0.8424294515927483,-0.026177138090133667,4.9652624,0.034013986587524414,40,-4.560753,-281.3587667942047,8.706129550933838,-0.018256363,1.6024661,37.66238817084643,10,-2.226567,-427.90570433630774,0.008028772659599781,1.2014477,0.18117952346801758
-178.64788199961185,0.30080348,0.0,-142.86439861582426,-223.47143405266107,0.0230990667939186,0.04069066047668457,-5.4836273299940785e-09,0.005573749542236328,0.8231039710337704,-0.02309907227754593,4.9602113,0.03364253044128418,41,-4.5436773,-281.00528931617737,8.893181324005127,-0.044886734,1.6014483,33.06406007800846,10,-2.2347143,-467.78326737588566,0.006523887626826763,1.2002261,0.18038630485534668
-189.15808887779713,0.26776958,0.0,-147.87965316499498,-238.10181625783443,0.020768202111125067,0.0452265739440918,-6.318092271584419e-09,0.0056743621826171875,0.8453898275999427,-0.02076820842921734,5.0110297,0.03540182113647461,42,-5.226656,-277.77277678251266,9.077803134918213,-0.04495843,1.6116414,31.116435271486566,10,-2.3810182,-437.5861247509568,0.009078516624867916,1.2125227,0.17746543884277344
-191.76643868163228,0.273063,0.0,-149.50996901640966,-240.65510965697467,0.019321332499384836,0.04599809646606445,-2.9802322831784522e-09,0.006509065628051758,0.8647984782600473,-0.01932133547961712,5.096232,0.03689312934875488,43,-5.4574146,-304.76498806476593,9.26280665397644,-0.015871646,1.6285014,33.376645535494234,10,-2.4065514,-477.13465062892254,0.008237507194280624,1.2331388,0.17873072624206543
-174.53391628712416,0.28215945,0.0,-146.55940584231013,-232.07928802520036,0.023465660691261547,0.046462059020996094,-9.95397542169485e-09,0.006308317184448242,0.8500462956225984,-0.02346567064523697,5.22627,0.03585052490234375,44,-5.57522,-292.4939149618149,9.448099613189697,-0.043892518,1.6536978,33.15222817774964,10,-2.320793,-428.1636368498832,0.009721231646835804,1.2646043,0.17921924591064453
-187.23613988235593,0.25136828,0.0,-140.93279773511352,-224.8955653168261,0.027652993425726802,0.04279661178588867,-5.9604645663569045e-09,0.006200551986694336,0.8762147567894812,-0.027652999386191368,5.210734,0.033329010009765625,45,-4.8066106,-292.97479379177094,9.65105676651001,-0.032765772,1.6507207,28.72560736118296,10,-2.2489557,-439.2140791631585,0.008295372128486633,1.2608453,0.18793177604675293
-172.74363491684198,0.30553347,0.0,-137.94008378987593,-221.3275110019371,0.016845865488052336,0.04487800598144531,-1.5497207961345794e-09,0.006075859069824219,0.8227955294738184,-0.016845867037773132,5.2377567,0.0330507755279541,46,-5.6672482,-297.1244179010391,9.849137544631958,-0.023740208,1.6558933,34.66900393376858,10,-2.213275,-431.95890920583076,0.006867542397230864,1.2673837,0.18473029136657715
-169.93803640455008,0.31622547,0.0,-119.79499728073365,-192.34853439070284,0.01946163251996058,0.044303178787231445,1.1920929132713809e-08,0.0058863162994384766,0.9114330472612412,-0.01946162059903145,5.082314,0.03544950485229492,47,-4.8070464,-217.1675924062729,10.04408049583435,-0.029227473,1.6257666,13.45398732683799,10,-1.9234854,-378.5714314908029,0.009639049880206585,1.2297713,0.18691396713256836
-169.72265772894025,0.29700896,0.0,-132.42533966265276,-209.82625684700906,0.02519157178699949,0.04444432258605957,9.53674295089968e-09,0.0056209564208984375,0.9296475189998393,-0.02519156225025654,5.121004,0.03468036651611328,48,-4.7632613,-238.98868477344513,10.229450225830078,-0.02313015,1.6333505,20.79136242697194,10,-2.0982628,-432.802401825028,0.007445399183779955,1.2391334,0.1787097454071045
-146.83775861561298,0.37714183,0.0,-129.84696686260213,-205.99740623794497,0.019941327571869394,0.044504642486572266,-1.7285346487483366e-08,0.006077766418457031,0.6528899503496184,-0.01994134485721588,5.1087017,0.03736519813537598,49,-5.2858577,-299.4592751264572,10.41817831993103,-0.027053386,1.6309453,46.61541228234161,10,-2.0599742,-383.7707543831972,0.008280819281935692,1.2361563,0.1809077262878418
-98.46748756617308,0.37605295,0.0,-113.17815584673781,-181.0766917174682,0.019142960399388897,0.04471778869628906,8.583068478174027e-09,0.00590825080871582,0.5867130875682437,-0.01914295181632042,5.030605,0.03611636161804199,50,-4.249436,-223.31683772802353,10.614537477493286,-0.021395674,1.6155403,42.380614901873,10,-1.8107669,-366.7027509619576,0.009423943236470222,1.2172595,0.19020938873291016
-85.18624569475651,0.3995124,0.0,-103.38704387243213,-162.02571001462638,0.019300021260976852,0.04022622108459473,-3.6954879156780862e-09,0.005519390106201172,0.8015734115673445,-0.019300024956464767,4.9704294,0.03282785415649414,51,-4.350623,-193.7699066400528,10.798773527145386,-0.056228872,1.6035062,31.686468075127912,10,-1.6202571,-368.57905799804087,0.008788106963038445,1.2026985,0.17270946502685547
-148.59639332443476,0.31185496,0.0,-122.37670482186918,-193.5842584259808,0.021374146237969405,0.04201197624206543,7.152557435219364e-10,0.005944490432739258,0.8653276071112947,-0.02137414552271366,4.824813,0.0347294807434082,52,-4.3379617,-221.41286039352417,11.003987312316895,-0.039847024,1.573772,20.979004979868733,10,-1.9358425,-408.80846443897013,0.006965259555727243,1.1674635,0.19649362564086914
-114.88145813345909,0.39520198,0.0,-113.69789621651418,-173.77737056873738,0.018046596691012162,0.04599165916442871,-4.0531160649948106e-09,0.0058879852294921875,0.8371380597189636,-0.018046600744128227,4.835456,0.034029245376586914,53,-4.803349,-199.24010336399078,11.193940162658691,-0.0485896,1.5759754,25.04038641495427,10,-1.7377738,-331.00283209809663,0.008772620931267738,1.170039,0.1828320026397705
-85.24235771596432,0.34283975,0.0,-116.38461726481128,-182.71233159303665,0.05724072292447069,0.04282045364379883,5.811452652437765e-09,0.005642890930175781,0.7676587626115352,-0.057240717113018036,4.8486357,0.034903764724731445,54,-4.6540666,-230.32847726345062,11.379286527633667,-0.055134382,1.5786973,36.408396564216964,10,-1.8271233,-390.0070625126692,0.009824083186686039,1.1732275,0.17916488647460938
-66.57427920401096,0.4203993,0.0,-104.37042921447815,-166.11873687803745,0.028228753745556112,0.04191732406616211,-1.3470649484759178e-08,0.0057222843170166016,0.7049685270163271,-0.028228767216205597,4.9226036,0.03404593467712402,55,-4.036346,-236.84490549564362,11.575300931930542,-0.059605777,1.5938376,43.802309524298394,10,-1.6611873,-291.336443129341,0.009667640551924706,1.1911262,0.1894388198852539
-102.31461329758167,0.43403527,0.0,-104.3568628332343,-159.26542591378092,0.02183858712017539,0.04403328895568848,-8.97049901027458e-09,0.005550861358642578,0.7087468270245404,-0.0218385960906744,4.9447975,0.03429222106933594,56,-4.0345416,-208.46616300940514,11.765847206115723,-0.069295876,1.598336,39.292155878663756,10,-1.5926543,-302.5535141531406,0.008570325560867786,1.1964968,0.18375372886657715
-91.9877530708909,0.45270717,0.0,-100.65884470868036,-155.90556284561754,0.020497860714793426,0.045510292053222656,4.0531160649948106e-09,0.005533695220947266,0.6537813607004138,-0.02049785666167736,4.887548,0.0334165096282959,57,-3.581727,-238.01436603069305,11.95815110206604,-0.07295281,1.5866908,42.45712691066707,10,-1.5590557,-283.5358032147431,0.006451393477618694,1.1826435,0.1784040927886963
-107.19341523200274,0.4519899,0.0,-105.759387211713,-160.15611750259995,0.023948366269468835,0.045661211013793945,-1.0728836485895954e-08,0.006106376647949219,0.7071732702020227,-0.02394837699830532,4.7480817,0.03447151184082031,58,-4.2329445,-201.7595972418785,12.151182413101196,-0.07337715,1.5577407,33.06300663102339,10,-1.6015612,-273.21058627116054,0.00992782972753048,1.1488969,0.18709611892700195
-64.64533393085003,0.5310912,0.0,-92.00681585831921,-138.14234823584556,0.015437616139650334,0.04496264457702637,-5.4836273299940785e-09,0.005872964859008789,0.8288836954682124,-0.015437621623277664,4.7530794,0.03567814826965332,59,-4.0253673,-186.15795063972473,12.351332187652588,-0.13593358,1.5587927,33.74584495310086,10,-1.3814236,-241.7438882525114,0.007025598548352718,1.1501064,0.1933143138885498
-90.23417007178068,0.5116365,0.0,-89.03195467666393,-136.63624668195843,0.03169325810670853,0.04851365089416504,7.152557435219364e-10,0.00564885139465332,0.7810183040271419,-0.03169325739145279,4.7049356,0.03306007385253906,60,-4.162559,-170.1146756708622,12.547250986099243,-0.10135315,1.5486121,26.429798561702142,10,-1.3663626,-246.12050864637195,0.006695486139506102,1.1384563,0.1896512508392334
-63.397261038422585,0.5576858,0.0,-80.85649498462774,-121.21083949655295,0.02141344527900224,0.046344757080078125,1.6689301052252858e-09,0.005915641784667969,0.8088282887112801,-0.021413443610072136,4.631197,0.03530597686767578,61,-3.8875546,-163.90659046173096,12.740242719650269,-0.12804228,1.5328153,30.94911115293133,10,-1.2121084,-236.88575368170874,0.007025875151157379,1.120614,0.18413591384887695
-72.49027960002422,0.59945834,0.0,-75.43425267944268,-111.47828172892332,0.03649622336030012,0.04475712776184082,-2.38418573772492e-09,0.00594782829284668,0.9063532391126257,-0.036496225744485855,4.474198,0.035221099853515625,62,-3.6935112,-132.06374922394753,12.926350116729736,-0.15411444,1.4983271,18.372804699285016,10,-1.1147828,-203.24284046844014,0.008108499459922314,1.0826247,0.17959833145141602
-92.83322131633759,0.5616437,0.0,-79.47796478425775,-116.48287645429373,0.03296141546964648,0.044965505599975586,9.65595248203499e-09,0.00586247444152832,0.9121162266354272,-0.032961405813694,4.4934316,0.03359651565551758,63,-4.0479026,-165.495232462883,13.12752914428711,-0.148154,1.5026166,19.148884901282337,10,-1.1648288,-218.2497484546863,0.006714074406772852,1.0872791,0.18524599075317383
-80.7069346010685,0.5143494,0.0,-93.95649434628076,-138.93120333254336,0.0234995655715462,0.04867839813232422,-8.940697071579962e-09,0.006392717361450195,0.644683381904517,-0.02349957451224327,4.4416046,0.03762507438659668,64,-4.0555573,-217.65611600875854,13.33472204208374,-0.13593979,1.4910157,48.99914635524669,10,-1.389312,-289.2040298896599,0.006614603102207184,1.0747378,0.2011120319366455
-70.41771821677685,0.60516965,0.0,-79.85166725558598,-120.18715047240258,0.025211187317967426,0.04705953598022461,2.3841859042583735e-10,0.0062215328216552734,0.5609686735014667,-0.025211187079548836,4.4673862,0.03642439842224121,65,-3.2752938,-173.85844978690147,13.521682024002075,-0.23936073,1.4968035,36.3821313343975,10,-1.2018715,-154.763235600264,0.009638791903853416,1.0809767,0.180955171585083
-60.518197029829025,0.57315123,0.0,-80.33206497638704,-120.81520236432553,0.02750638832151875,0.04651689529418945,1.2636184543168838e-08,0.005719423294067383,0.6290032651995343,-0.027506375685334206,4.5732913,0.03597068786621094,66,-3.4615142,-187.99993035197258,13.716156721115112,-0.18052539,1.5202332,37.429648120702524,10,-1.208152,-259.19329625711583,0.007731360383331776,1.1066028,0.18726873397827148
-75.00677321851254,0.5848971,0.0,-73.93408711795662,-112.1634405016899,0.02808192339539528,0.047071218490600586,-3.278255444882916e-10,0.005556821823120117,0.6879285572684137,-0.028081923723220825,4.471,0.033560752868652344,67,-3.3380275,-162.36125659942627,13.925602436065674,-0.21331425,1.4976121,27.930456849167886,10,-1.1216344,-187.39959813572176,0.009297777898609638,1.0818518,0.2007744312286377
-68.1091872304678,0.623544,0.0,-61.482145294609566,-91.0885850057006,0.02975421671569345,0.04237699508666992,-2.8610229740877458e-09,0.005373477935791016,0.809842616701314,-0.029754219576716423,4.3005905,0.03162121772766113,68,-2.8286128,-130.17313812673092,14.133464097976685,-0.17118648,1.4587524,18.906465495589323,10,-0.9108859,-168.8714978142163,0.008802646771073341,1.0406172,0.20077276229858398
-77.28997732698917,0.6057933,0.0,-68.77593576777484,-103.02290194481611,0.031095647126436088,0.039411067962646484,4.529952857268427e-09,0.005420684814453125,0.79657495794018,-0.03109564259648323,4.167939,0.031143665313720703,69,-3.0492728,-138.50014320015907,14.331995010375977,-0.2318479,1.4274217,21.47665144732727,10,-1.030229,-197.45829042931214,0.00932291615754366,1.008519,0.17914295196533203
-74.54963278770447,0.6396701,0.0,-60.26510684725233,-89.29762706309558,0.02337574936449549,0.04223823547363281,-9.53674295089968e-09,0.005526065826416016,0.8759023202363948,-0.02337575890123844,4.118608,0.03331708908081055,70,-2.7520044,-103.63265904784203,14.522764921188354,-0.24789317,1.4155152,9.822277861842858,10,-0.8929763,-133.81857664856216,0.0068239872343838215,0.9965822,0.18428754806518555
-61.88817119598389,0.5804275,0.0,-73.18968115236908,-108.44104854464531,0.028588943526148825,0.04703044891357422,-5.2452087118126656e-09,0.005660295486450195,0.6381188989080919,-0.028588948771357536,4.0012374,0.03973102569580078,71,-3.4447572,-193.11288738250732,14.715784788131714,-0.24081114,1.3866037,31.572136462810107,10,-1.0844105,-239.26657766690317,0.007101399824023247,0.9681824,0.1860806941986084
-57.591446965932846,0.6020013,0.0,-69.5814075160201,-102.52563081681728,0.023896274700760944,0.04590010643005371,3.3378602104505717e-09,0.0057430267333984375,0.6906442127802035,-0.023896271362900734,3.989773,0.03501081466674805,72,-3.2126153,-135.20024210214615,14.90801477432251,-0.23686412,1.3837343,20.84941774093303,10,-1.0252564,-235.5008264028112,0.006735721603035927,0.9654084,0.18602371215820312
-84.2584577202797,0.6182652,0.0,-66.73609944381762,-98.78614190518856,0.02260508541762829,0.046015024185180664,3.3974647539736225e-09,0.0057141780853271484,0.9292838982543773,-0.022605082020163536,4.0022087,0.037503719329833984,73,-3.11661,-116.70785421133041,15.113653659820557,-0.30437335,1.3868464,8.69232075453831,10,-0.98786145,-198.50897466189303,0.0065859463065862656,0.96841735,0.19793391227722168
-82.49629800021648,0.5703327,0.0,-82.46730704485331,-117.92364279031753,0.02781701599061487,0.042485713958740234,-4.768371808516747e-10,0.005722761154174805,0.7335782506906684,-0.02781701646745205,3.9493454,0.03307366371154785,74,-3.4268837,-181.89169937372208,15.299338102340698,-0.2158136,1.3735498,26.439520436526987,10,-1.1792365,-263.22147535403656,0.00764528289437294,0.9556257,0.17452263832092285
-80.43433719873428,0.60017675,0.0,-74.80835448131366,-107.50429545342922,0.023567530646920076,0.04342031478881836,-6.1988831845383174e-09,0.0058553218841552734,0.7078755298176072,-0.02356753684580326,3.925086,0.035599708557128906,75,-3.302978,-133.37717127799988,15.486872673034668,-0.27536696,1.3673882,17.099779209067975,10,-1.075043,-257.6127499681498,0.009825681336224079,0.9497563,0.17970061302185059
-78.51693034172058,0.64455134,0.0,-61.33274710084437,-93.06596994698047,0.02692054043710268,0.04718375205993652,7.629394893626795e-09,0.005771636962890625,0.9293919925159401,-0.026920532807707787,3.869972,0.034601688385009766,76,-2.8400102,-122.03009712696075,15.690189123153687,-0.3621247,1.3532473,14.499058045480004,10,-0.93065965,-143.2913664064662,0.006934949196875095,0.93642026,0.19655346870422363
-79.96944606304169,0.63283944,0.0,-66.5993540953687,-102.02482383698225,0.03096588392555688,0.04421687126159668,1.7404556018618678e-08,0.005532741546630859,0.8058478350626296,-0.030965866521000862,3.7596273,0.03301835060119629,77,-2.318962,-142.27096240222454,15.901021718978882,-0.122133836,1.3243198,18.436213866772285,10,-1.0202483,-125.03759859219235,0.008029812015593052,0.9097195,0.19913744926452637
-64.01964017748833,0.6473454,0.0,-61.23497600898047,-89.88552206456662,0.023131935968994988,0.04081535339355469,4.76837147544984e-09,0.005374908447265625,0.8931934316778902,-0.023131931200623512,3.7128654,0.03139758110046387,78,-2.652856,-123.35915350914001,16.08885955810547,-0.2957211,1.3118039,15.35679793411342,10,-0.8988552,-159.87080786515685,0.007176700513809919,0.898405,0.1726853847503662
-63.39983794093132,0.6277736,0.0,-72.1193469485643,-103.69545317292213,0.024010670930147526,0.04357624053955078,2.3841858265427618e-08,0.005884647369384766,0.9441595453834607,-0.02401064708828926,3.561832,0.034621477127075195,79,-3.3146024,-140.9775128364563,16.29704523086548,-0.35663325,1.270275,26.64509400236476,10,-1.0369546,-243.06947925861724,0.006693810690194368,0.86185914,0.2019641399383545
-55.777136623859406,0.6198854,0.0,-66.55110931144573,-95.87649870812893,0.02909947960078707,0.04364943504333496,2.145767119543507e-09,0.005494832992553711,0.9328782514833669,-0.02909947745501995,3.4607728,0.032772064208984375,80,-3.3576787,-133.80438169836998,16.482545137405396,-0.26770207,1.2414919,24.844075577639142,10,-0.95876503,-209.27806918099517,0.008768970146775246,0.83740586,0.17142391204833984
-74.10538178682327,0.59344953,0.0,-76.2742473479885,-109.23336159586907,0.030325677022338127,0.047382354736328125,-9.53674295089968e-09,0.005839347839355469,0.886102992866651,-0.030325686559081078,3.4182122,0.03500795364379883,81,-3.199427,-159.05427467823029,16.679044485092163,-0.23753291,1.2291176,29.91097127347126,10,-1.0923337,-246.1837774381586,0.00956312008202076,0.82710737,0.18923306465148926
-61.04501298069954,0.61236405,0.0,-66.20649974473362,-95.51372853219509,0.03027820387482638,0.043529510498046875,-5.7220459481754915e-09,0.005895137786865234,0.8136004937989527,-0.03027820959687233,3.4159713,0.03681755065917969,82,-2.9490213,-132.0210997760296,16.887807607650757,-0.26083615,1.2284619,22.707229108534975,10,-0.9551373,-229.9465092437528,0.007437677588313818,0.82656485,0.19859004020690918
-66.00777158141136,0.64697045,0.0,-60.66225511002301,-88.71128074228764,0.0313463998734953,0.04304957389831543,7.98702259885431e-09,0.005396366119384766,0.8584974404676079,-0.0313463918864727,3.3756819,0.03167366981506348,83,-2.6581872,-117.59455788135529,17.083126544952393,-0.389809,1.2165973,13.22023696893914,10,-0.8871128,-170.62262949311915,0.008525718934834003,0.8168163,0.1821432113647461
-75.82085314393044,0.61668414,0.0,-66.58586619413761,-98.61920911967755,0.03231696301698683,0.0423283576965332,2.6226043559063328e-09,0.005680561065673828,0.8500439729867526,-0.03231696039438248,3.39197,0.03583693504333496,84,-3.123509,-143.75448006391525,17.287787675857544,-0.2713856,1.2214109,20.028215794734876,10,-0.98619217,-174.84458500157808,0.00965928565710783,0.82075757,0.19681906700134277
-61.66505354642868,0.6133977,0.0,-66.77679809161683,-95.1046943411231,0.02737558877468116,0.04153633117675781,-5.006790093631253e-09,0.0054662227630615234,0.9385900685766521,-0.027375593781471252,3.3880517,0.03304409980773926,85,-3.1416101,-124.01708006858826,17.463186264038086,-0.22152807,1.220255,18.81475776673499,10,-0.951047,-230.44009462223153,0.009858531877398491,0.8198092,0.16927123069763184
-76.0224577486515,0.6459078,0.0,-62.20382980942098,-89.44733112752438,0.03514627680182425,0.046050310134887695,1.4305114426349519e-08,0.006790876388549805,0.9474103470696205,-0.035146262496709824,3.3471038,0.03498268127441406,86,-2.7887416,-115.82840088009834,17.65220880508423,-0.30637428,1.2080954,10.398384726199353,10,-0.89447325,-173.53757221578968,0.0068762111477553844,0.8099012,0.1826469898223877
-65.25917518138885,0.6491694,0.0,-55.388890392985516,-83.31364963054656,0.03472303456068038,0.04148364067077637,-1.4305114870438729e-09,0.0057413578033447266,0.955433665405278,-0.034723035991191864,3.391989,0.03651571273803711,87,-2.901155,-102.05683234333992,17.835803985595703,-0.27341187,1.2214165,10.161914683650123,10,-0.8331365,-147.6380722162766,0.006429031491279602,0.8207619,0.1761929988861084
-65.63740795850754,0.60354817,0.0,-68.17757122818347,-100.18220273256301,0.022303406208753707,0.045888423919677734,-7.3909758313561724e-09,0.005837678909301758,0.555834130717507,-0.022303413599729538,3.357121,0.03509354591369629,88,-2.875256,-170.88222962617874,18.028920888900757,-0.26377153,1.2110838,34.25929888300587,10,-1.0018221,-238.67821499328232,0.0074890125542879105,0.8123249,0.18602418899536133
-59.60258483886719,0.60730326,0.0,-67.06968110623158,-103.11183030456304,0.03259641680121428,0.044986724853515625,-3.6954879156780862e-09,0.005969047546386719,0.5424620921300496,-0.032596420496702194,3.3862972,0.03490304946899414,89,-2.976915,-185.04465073347092,18.2169349193573,-0.20261945,1.219737,43.99410812542896,10,-1.0311183,-193.77796210687222,0.009658195078372955,0.81938463,0.1808309555053711
-56.28916257619858,0.6005078,0.0,-71.53272576045082,-105.33342136740684,0.030112525150179703,0.04570293426513672,7.1525572131747595e-09,0.0056858062744140625,0.6905561837340346,-0.03011251799762249,3.3124487,0.03536725044250488,90,-3.1401303,-168.9680550992489,18.436527252197266,-0.31707475,1.1976877,35.28160436051476,10,-1.0533342,-183.89184935125397,0.00976436398923397,0.80151564,0.21201300621032715
-68.9564428627491,0.63961065,0.0,-63.03691638029229,-92.26821458339691,0.030570307552814535,0.04371213912963867,1.6689301052252858e-09,0.005510807037353516,0.8074070804344935,-0.03057030588388443,3.2487094,0.03130817413330078,91,-2.9360056,-125.19911020994186,18.62918734550476,-0.3151131,1.1782578,16.780426893288226,10,-0.9226821,-200.60415186956112,0.009230393916368484,0.78609264,0.18012309074401855
-73.17723608016968,0.625038,0.0,-63.85671140990437,-92.6653890401125,0.030381805106997284,0.04448342323303223,8.225440772946513e-09,0.005680561065673828,0.8479779412236801,-0.03038179688155651,3.2489648,0.03567838668823242,92,-2.844542,-152.32837557792664,18.82224416732788,-0.30242893,1.1783364,24.90493715818068,10,-0.9266539,-202.18128470312928,0.00639592157676816,0.7861545,0.18570518493652344
-69.52221742272377,0.6304461,0.0,-71.10572644017833,-103.72645798325539,0.03818141984939594,0.04564499855041504,-4.291534239087014e-09,0.005865335464477539,0.8430527290660935,-0.038181424140930176,3.2634842,0.035169363021850586,93,-2.9017916,-147.4531626701355,19.026179552078247,-0.35739464,1.1827954,23.589117244290346,10,-1.0372646,-194.29303535490249,0.009848024696111679,0.7896678,0.19585466384887695
-77.59521132707596,0.6334387,0.0,-66.19260305124664,-94.88819420337677,0.046519784182310175,0.041834354400634766,-1.3113021779531664e-08,0.005530357360839844,0.9178000475450889,-0.046519797295331955,3.2499707,0.03237009048461914,94,-2.6461678,-123.71834808588028,19.21117353439331,-0.39127895,1.178646,15.174255153544737,10,-0.948882,-158.18926320158516,0.009515601210296154,0.7863978,0.17235517501831055
-60.13980412483215,0.6231844,0.0,-65.73717447388805,-93.90549748539925,0.030079294666647716,0.04602217674255371,6.258487506016763e-09,0.0057866573333740234,0.8743752070033108,-0.03007928840816021,3.2471519,0.03437399864196777,95,-3.2189918,-146.510582447052,19.404142141342163,-0.36337623,1.1777782,22.040817020631827,10,-0.9390549,-193.82307105746628,0.00649038702249527,0.78571576,0.1865546703338623
-58.583920896053314,0.6577827,0.0,-51.51857254481149,-75.11657061874867,0.03792664718627936,0.0435638427734375,3.0994415922691587e-09,0.00653386116027832,0.9047160829211411,-0.03792664408683777,3.2469637,0.03581738471984863,96,-2.7301462,-94.40637186169624,19.600677967071533,-0.27332404,1.1777203,12.092304341091483,10,-0.7511656,-134.0971211242122,0.008917393162846565,0.7856702,0.18996787071228027
-51.577116787433624,0.5946559,0.0,-79.59737313987885,-123.23954437077046,0.022315261304378442,0.044653892517089844,5.006790093631253e-09,0.00565028190612793,0.3682921779708519,-0.02231525629758835,3.2277305,0.034886837005615234,97,-3.6736164,-250.11778509616852,19.796024322509766,-0.2943884,1.1717793,63.86985238642443,10,-1.2323955,-232.51106818816,0.008353653363883495,0.7810163,0.18767070770263672
-64.4414833188057,0.6542042,0.0,-58.07143164273091,-84.35407982766628,0.04220921698212621,0.04347634315490723,5.2452087118126656e-09,0.006405830383300781,0.08833903462020698,-0.042209211736917496,3.2410388,0.03433084487915039,98,-2.801331,-114.05834904313087,20.00147557258606,-0.35670987,1.1758939,14.76571536908689,10,-0.8435408,-155.46823742041073,0.00930959451943636,0.78423655,0.1981830596923828
-63.025361984968185,0.63975286,0.0,-62.08132525357795,-89.42705864012241,0.03357758653163945,0.0459132194519043,1.0251999249533128e-08,0.005652666091918945,0.9440525613424134,-0.0335775762796402,3.2761493,0.03266429901123047,99,-2.9000337,-112.34689569473267,20.193470239639282,-0.41012913,1.1866688,14.110241247224847,10,-0.89427066,-178.2773400981989,0.009304065257310867,0.7927323,0.18485283851623535
-72.42687392234802,0.6109253,0.0,-67.56555821697046,-97.86331136524677,0.02421661368012451,0.043384552001953125,-1.2159347306806012e-08,0.006150484085083008,0.6443175756473183,-0.024216625839471817,3.2206542,0.03393292427062988,100,-3.2481935,-155.56994539499283,20.381123065948486,-0.36596417,1.1695845,27.46344400775862,10,-0.97863317,-222.63775759800524,0.0072662606835365295,0.77930415,0.1745622158050537
-54.56696057319641,0.6202402,0.0,-61.46404819226973,-94.31225819885731,0.026088010340929113,0.042917490005493164,7.271766744310071e-09,0.005812168121337891,0.6358728443621304,-0.02608800306916237,3.14502,0.0342252254486084,101,-2.9169247,-180.97230982780457,20.570314407348633,-0.32197773,1.1458203,40.07636326460919,10,-0.9431226,-211.89686144794678,0.00971285905689001,0.76100254,0.18207716941833496
-59.94787487387657,0.61195683,0.0,-67.73324963866386,-102.7503619492054,0.021003312230110538,0.04436445236206055,1.3768673312597457e-08,0.005848407745361328,0.5992123414404998,-0.021003298461437225,3.1257524,0.033544301986694336,102,-3.8852766,-259.92640244960785,20.764151096343994,-0.36089277,1.139675,61.4176333197789,10,-1.0275036,-174.3865569384553,0.008810012601315975,0.7563404,0.1871955394744873
-70.38403952121735,0.6185386,0.0,-66.93127002032787,-100.20909461975097,0.021820572152733586,0.04292654991149902,4.604458592183391e-09,0.005403995513916016,0.44690699112156873,-0.021820567548274994,3.1061466,0.03323221206665039,103,-3.0849626,-207.15594065189362,20.97717547416687,-0.2832118,1.1333829,39.762446966017535,10,-1.0020909,-210.24947726812775,0.009984673000872135,0.75159657,0.20688343048095703
-63.660372853279114,0.65693,0.0,-56.2032559337318,-82.92942251265049,0.007322006162255867,0.03988504409790039,-4.887581006585151e-09,0.0059185028076171875,0.782119745333674,-0.007322011049836874,3.1063561,0.031456708908081055,104,-2.1241133,-100.86325913667679,21.15281844139099,-0.307,1.1334504,10.398724738330978,10,-0.8292942,-147.53782309506227,0.007382664363831282,0.75164735,0.1680130958557129
-56.936323046684265,0.56290555,0.0,-92.33362053357129,-146.83601899147033,0.017111246630549637,0.04389381408691406,6.675720420901143e-09,0.005864143371582031,0.11795726686656993,-0.017111239954829216,3.0446622,0.03540492057800293,105,-5.939314,-323.77369129657745,21.336607694625854,-0.3392998,1.11339,105.0810340446069,10,-1.4683602,-285.96691792310696,0.007109408266842365,0.7367192,0.17665934562683105
-46.57376083731651,0.58423567,0.0,-70.76437214568944,-109.24128482341766,0.021122351765632652,0.04398465156555176,4.768371808516747e-10,0.005773305892944336,0.03658631332138007,-0.02112235128879547,3.0443869,0.03504657745361328,106,-4.620838,-240.61866521835327,21.53048539161682,-0.2625096,1.1132995,60.252753249376944,10,-1.0924128,-273.7483191031934,0.007393912877887487,0.7366525,0.18712329864501953
-58.05907455086708,0.51969194,0.0,-97.75197591426262,-158.75359257161617,0.029000411093234923,0.04602622985839844,2.145767119543507e-09,0.005783796310424805,0.4890094118472378,-0.029000408947467804,3.0300424,0.03442263603210449,107,-5.5251637,-327.1458901166916,21.73073649406433,-0.24761346,1.1085767,110.93937547567243,10,-1.5875359,-308.0374045433872,0.009654001332819462,0.73318166,0.19366955757141113
-59.19354397058487,0.5734137,0.0,-86.17154431393865,-134.49569690823554,0.025554651677608398,0.04651927947998047,2.145767119543507e-09,0.006446123123168945,0.3734199118224417,-0.025554649531841278,3.0795505,0.033362388610839844,108,-6.149702,-369.9883140325546,21.918899059295654,-0.34227252,1.1247836,94.57355388910038,10,-1.344957,-274.0064884286117,0.00945555791258812,0.7451611,0.18209195137023926
-46.70824724435806,0.5817944,0.0,-78.09629987762752,-126.2496960580349,0.018973012581467774,0.04605984687805176,-4.529952857268427e-09,0.005838632583618164,0.6177528809875517,-0.01897301711142063,3.041627,0.03334784507751465,109,-5.3816085,-317.83821177482605,22.136335372924805,-0.26575574,1.1123925,99.32173303342792,10,-1.262497,-253.26521395901165,0.006757599767297506,0.73598486,0.19183087348937988
-44.631248474121094,0.5297634,0.0,-98.08226825326051,-158.93150225281715,0.0346613042950632,0.04645514488220215,3.814697446813398e-09,0.005605459213256836,0.47953260485482563,-0.03466130048036575,3.0984247,0.032709360122680664,110,-6.221605,-315.9890823364258,22.317590713500977,-0.27507663,1.1308938,109.33589681019683,10,-1.5893149,-317.1141188576386,0.009885061532258987,0.74972814,0.17481184005737305
-48.200572699308395,0.5739491,0.0,-81.9437062404228,-126.28757812976838,0.02062213392555723,0.04399752616882324,-2.145767119543507e-09,0.005786895751953125,0.3929050443885522,-0.02062213607132435,3.1052077,0.03514528274536133,111,-5.2359166,-314.5959430336952,22.501999378204346,-0.25149068,1.1330806,91.79765603419838,10,-1.2628758,-281.71580195037217,0.009306862950325012,0.75136954,0.17807555198669434
-63.90198540687561,0.625354,0.0,-67.05301979226702,-96.32428010255099,0.030383217647671712,0.04487299919128418,1.4305114870438729e-09,0.006032705307006836,-0.0005790715186273498,-0.030383216217160225,3.0979154,0.03703474998474121,112,-2.820338,-130.5174681544304,22.708452224731445,-0.18377869,1.1307294,21.503110207568664,10,-0.9632427,-199.7113826639389,0.0068688541650772095,0.7496049,0.19861412048339844
-56.349638640880585,0.6389662,0.0,-60.488864665040566,-87.26082120835781,0.05614898091554643,0.04485630989074707,-2.6226043559063328e-09,0.006289482116699219,0.9392254839229526,-0.05614898353815079,3.1099403,0.03279280662536621,113,-2.9815063,-113.64389732480049,22.90727972984314,-0.35803634,1.1346035,17.99315434760704,10,-0.87260824,-191.80687332558585,0.0071959113702178,0.75251454,0.18687677383422852
-61.31722995638847,0.5959222,0.0,-77.43578714838102,-117.73232480883598,0.029900809541344664,0.042501211166381836,-3.933906533859499e-09,0.005522251129150391,0.24824235957546048,-0.029900813475251198,3.1125896,0.03362154960632324,114,-5.266855,-306.91867184638977,23.093623399734497,-0.29514694,1.135455,72.52197912236974,10,-1.1773232,-239.8966724687924,0.009820816107094288,0.7531555,0.17470550537109375
-44.347091019153595,0.5598679,0.0,-100.47063116539437,-150.84657464325429,0.02381604404747506,0.042931556701660156,-6.9141385949933465e-09,0.005789279937744141,0.520989076042242,-0.023816050961613655,3.074326,0.03474593162536621,115,-6.544674,-324.8545476794243,23.292964458465576,-0.28713918,1.1230857,78.90659610379862,10,-1.5084658,-325.7076434271386,0.009130858816206455,0.7438968,0.19313311576843262
-58.23905962705612,0.62559617,0.0,-62.47071447581595,-96.22782304286957,0.021097415581345536,0.04250955581665039,-4.768371808516747e-10,0.0055637359619140625,0.42968496679869195,-0.021097416058182716,3.0462658,0.032385826110839844,116,-6.108642,-292.7424131035805,23.47791886329651,-0.30691332,1.1139165,66.58853171655633,10,-0.96227825,-188.52149013010018,0.006894900929182768,0.73710716,0.1733865737915039
-43.556623965501785,0.56730825,0.0,-81.20793543100578,-124.19362008199096,0.02674397727847122,0.045441627502441406,-1.2159347306806012e-08,0.00581049919128418,0.5367297986713118,-0.026743989437818527,3.0462365,0.03572368621826172,117,-6.739089,-252.82360384613276,23.678022623062134,-0.09019736,1.1139069,65.52636477609445,10,-1.2419363,-284.29326686856535,0.00809565931558609,0.7370999,0.1939868927001953
-72.34851069748402,0.55887693,0.0,-90.91791163184735,-136.11525687277316,0.021916870027780533,0.04477334022521973,-0.0,0.005992889404296875,0.5688222472339242,-0.021916870027780533,3.0437129,0.03284287452697754,118,-6.0394874,-293.69878619909286,23.886440992355347,-0.09730624,1.1130781,68.19578312757115,10,-1.3611525,-313.1626739625579,0.007484353147447109,0.7364893,0.1921555995941162
-58.42645135521889,0.6352632,0.0,-71.34072010146967,-107.98780138492585,0.019519684165716145,0.040862321853637695,1.19209286886246e-09,0.0055751800537109375,0.3950403257102362,-0.019519682973623276,3.0312514,0.032178401947021484,119,-6.19133,-349.2754253745079,24.06727647781372,-0.37936485,1.1089755,80.98590484406509,10,-1.079878,-177.01728512203493,0.006473184563219547,0.73347414,0.16974878311157227
-80.6319480240345,0.5575187,0.0,-95.04048524833867,-145.6250103339553,0.0309023324549198,0.04382467269897461,2.6226043559063328e-09,0.005712270736694336,0.533031642777501,-0.030902329832315445,3.0134666,0.03450632095336914,120,-6.7499547,-386.95024943351746,24.256367444992065,-0.21843596,1.1030911,103.19979048570275,10,-1.45625,-291.1594834382102,0.00970539078116417,0.7291707,0.18208765983581543
-55.11522933840752,0.6118196,0.0,-66.91161395042516,-100.87829842865467,0.022743484362960587,0.043038368225097656,1.525878978725359e-08,0.005876064300537109,0.29434270011780783,-0.0227434691041708,3.0346725,0.03503060340881348,121,-5.506982,-238.21631568670273,24.438919067382812,-0.22894466,1.1101035,50.727281857049626,10,-1.008783,-213.7485015365336,0.006504635792225599,0.73430187,0.1765890121459961
-88.92887741327286,0.58401257,0.0,-85.74130955683992,-120.75374487042427,0.0314819912016393,0.04437375068664551,6.1988831845383174e-09,0.005896091461181641,0.7165405135242204,-0.03148198500275612,3.0514145,0.035167694091796875,122,-3.671553,-182.74448111653328,24.62972068786621,-0.24763072,1.1156052,27.569581507505635,10,-1.2075375,-251.60083253335466,0.009956088848412037,0.73835284,0.18459725379943848
-64.32526418566704,0.67136157,0.0,-57.654948224998904,-83.65063353776932,0.02997623322904097,0.043405771255493164,-6.1988831845383174e-09,0.0057528018951416016,0.7999140486511972,-0.029976239427924156,3.0011702,0.03406238555908203,123,-3.245707,-108.35874131321907,24.80946159362793,-0.39471546,1.0990022,14.271543854535858,10,-0.83650637,-124.45895339616902,0.009546810761094093,0.72619534,0.17341375350952148
-60.95549526810646,0.6410157,0.0,-58.25302584374818,-85.16945495009422,0.03226382935047145,0.04819488525390625,-9.536743617033494e-10,0.006372213363647461,0.956233495326696,-0.03226383030414581,2.938039,0.03561067581176758,124,-2.9840941,-121.87229987978935,25.004716873168945,-0.3668577,1.0777423,18.243163751133036,10,-0.8516946,-160.74226318870186,0.007183360867202282,0.7109193,0.18895387649536133
-57.328351110219955,0.6495062,0.0,-55.481651204194705,-80.01144350469113,0.033377659440040564,0.04343724250793457,-2.8610229740877458e-09,0.00597071647644043,0.9679918073573469,-0.03337766230106354,2.9136603,0.034845829010009766,125,-3.0992696,-105.9678718149662,25.192920446395874,-0.24347615,1.0694101,12.615091693730015,10,-0.8001144,-171.34637141105287,0.009584651328623295,0.70502025,0.18175554275512695
-73.67704191803932,0.5730497,0.0,-83.91550694958994,-127.60815586447715,0.029226274341344727,0.04540610313415527,4.76837147544984e-09,0.00615382194519043,0.24899026396491075,-0.02922626957297325,2.9100182,0.03565096855163574,126,-6.1354823,-260.9447129666805,25.412250995635986,-0.15069965,1.0681593,66.14173993453214,10,-1.2760816,-264.0644340208247,0.008935502730309963,0.7041394,0.21243810653686523
-55.13837546110153,0.62727326,0.0,-64.34483042830954,-95.29707962274551,0.028257036447524975,0.04218244552612305,-5.7220459481754915e-09,0.005912065505981445,0.45611369119542955,-0.028257042169570923,2.954378,0.03130340576171875,127,-2.8830447,-165.65449085831642,25.59402084350586,-0.33348846,1.0832881,29.192541400861195,10,-0.95297074,-205.51871765702535,0.009661459363996983,0.7148731,0.1743793487548828
-46.02321994304657,0.6090534,0.0,-70.30660430733244,-104.88141396641731,0.021887439638375916,0.045171499252319336,1.4305114426349519e-08,0.006552696228027344,0.6573728407985304,-0.02188742533326149,2.9346786,0.03874635696411133,128,-5.0699983,-168.00871726870537,25.784467220306396,-0.33585274,1.0765979,45.36584994050387,10,-1.0488142,-247.63449367854633,0.009743026457726955,0.7101062,0.18287301063537598
-49.16373360157013,0.6141022,0.0,-68.21029773518669,-98.2728763461113,0.026012450248003027,0.046007394790649414,1.0967254659988157e-08,0.0057299137115478516,0.7796390148582925,-0.026012439280748367,2.9450974,0.035950660705566406,129,-3.4671245,-142.6353011727333,25.97095537185669,-0.36080915,1.0801419,31.181412783066623,10,-0.9827288,-208.66789531489948,0.009344778023660183,0.7126273,0.18001198768615723
-66.01625776290894,0.5608239,0.0,-85.9320931025301,-127.62819865345955,0.019752038598060517,0.048486948013305664,-1.907348723406699e-09,0.005685567855834961,0.4131764462283394,-0.01975204050540924,2.9396012,0.03477811813354492,130,-4.556529,-232.49685806035995,26.160996198654175,-0.29627597,1.0782739,59.01506352613898,10,-1.276282,-262.7051730900594,0.009305748157203197,0.7112977,0.18289446830749512
-68.21654424071312,0.52206606,0.0,-96.82987282177095,-147.6634545505047,0.026274641349911754,0.046369314193725586,3.0994415922691587e-09,0.005738735198974609,0.5617703501671378,-0.02627463825047016,2.9340243,0.03429460525512695,131,-6.3980365,-331.001503944397,26.349369049072266,-0.26047653,1.076375,85.1349079580625,10,-1.4766345,-323.7682689448254,0.009921376593410969,0.7099479,0.17911434173583984
-70.8535757958889,0.6355598,0.0,-62.740941298421376,-88.77242977619171,0.0220355670452117,0.04350757598876953,-1.907348723406699e-09,0.00591588020324707,-0.3875970478904742,-0.022035568952560425,2.8922045,0.03519105911254883,132,-3.2043154,-104.07081386446953,26.534279823303223,-0.2652247,1.062019,9.51083860890892,10,-0.8877243,-172.0668559858845,0.006967376917600632,0.6998288,0.17864131927490234
-50.76378771662712,0.58614975,0.0,-73.77196395327796,-103.60754684209823,0.01984276168048371,0.04514288902282715,4.76837147544984e-09,0.0059740543365478516,0.8661367327973428,-0.019842756912112236,2.8933363,0.03513383865356445,133,-3.6487288,-127.30107998847961,26.7415189743042,-0.32035574,1.0624102,22.6366798299431,10,-1.0360755,-278.93214501851935,0.0068009989336133,0.7001028,0.2010822296142578
-77.89153134822845,0.5563745,0.0,-86.65189846162805,-118.72144426107407,0.026755675479769758,0.04999279975891113,1.6689301052252858e-09,0.0054090023040771484,0.9162600350492933,-0.026755673810839653,2.842722,0.030926227569580078,134,-3.8600724,-163.2783662378788,26.934422731399536,-0.25907472,1.044762,26.43582623929274,10,-1.1872145,-260.583867288355,0.006534103769809008,0.6878556,0.18646931648254395
-58.915842443704605,0.6280523,0.0,-63.95510167383238,-92.61141968742012,0.03736278930306436,0.04626059532165527,1.4305114870438729e-09,0.00673222541809082,0.914762337802299,-0.03736278787255287,2.8318512,0.03508901596069336,135,-3.2978888,-135.06560369580984,27.13100004196167,-0.08003857,1.0409306,22.91093394306046,10,-0.92611414,-175.17851733468896,0.009569097310304642,0.68522483,0.19040799140930176
-61.840534061193466,0.60767305,0.0,-70.53655235670513,-98.60635554194451,0.03000955259799956,0.044318437576293945,-2.3841859042583735e-10,0.005717039108276367,0.9694294949405068,-0.030009552836418152,2.832986,0.03432464599609375,136,-4.190745,-143.57835307717323,27.316954374313354,-0.13455603,1.0413313,21.3661031030174,10,-0.98606354,-196.4609026912431,0.006437691394239664,0.6854999,0.17964696884155273
-61.28047814965248,0.66067934,0.0,-51.831546146564406,-78.03577593266964,0.06001966139674231,0.04470562934875488,8.106232129989621e-09,0.0061190128326416016,0.8824179778472018,-0.06001965329051018,2.8895037,0.03682351112365723,137,-3.349966,-103.95422053337097,27.509332418441772,-0.21419856,1.0610847,16.237618364965876,10,-0.7803578,-130.9484047264639,0.009784271940588951,0.6991752,0.18471312522888184
-61.22923195362091,0.62119573,0.0,-67.56150761980918,-98.14307733476161,0.02801082256436338,0.045214176177978516,-1.1444091896350983e-08,0.005878448486328125,0.8199853757326389,-0.028010834008455276,2.8992467,0.037299394607543945,138,-3.827138,-134.30486798286438,27.717618942260742,-0.24834579,1.064451,22.84871069585275,10,-0.98143077,-182.05818579260873,0.006768398452550173,0.70153266,0.19795727729797363
-55.00544115900993,0.598459,0.0,-69.79266200952448,-101.2081019192934,0.023845493674278254,0.051024436950683594,-1.1920929521291868e-10,0.005972862243652344,0.723097963456839,-0.02384549379348755,2.8908985,0.032148122787475586,139,-5.270381,-170.91360700130463,27.909458875656128,-0.25247186,1.0615673,31.108592625536083,10,-1.012081,-212.36696367766436,0.0064249238930642605,0.6995126,0.18411731719970703
-71.54452621936798,0.62807524,0.0,-63.28482740570216,-94.07050743997097,0.02835725246369858,0.0471956729888916,9.298324776807476e-09,0.005803346633911133,0.9615864377716494,-0.028357243165373802,2.8856015,0.035123348236083984,140,-3.69785,-111.2591655254364,28.10010528564453,-0.20271303,1.0597334,13.290673605117856,10,-0.94070506,-132.56769776976859,0.009614406153559685,0.6982311,0.18340134620666504
-65.75365647673607,0.64646417,0.0,-62.313751992395524,-90.51810239553451,0.03406285956501964,0.04770231246948242,4.61936000561991e-09,0.006033897399902344,0.9119387483288536,-0.03406285494565964,2.8781562,0.03654146194458008,141,-3.8592415,-138.08874762058258,28.289164781570435,-0.19139385,1.0571499,19.641524118167712,10,-0.90518105,-168.87526328549896,0.009825730696320534,0.6964298,0.18197250366210938
-55.523450672626495,0.62471527,0.0,-65.51915707896381,-92.59208479523659,0.02064081642031669,0.044594526290893555,-1.1920929521291868e-10,0.0061795711517333984,0.9200661195619384,-0.020640816539525986,2.876877,0.035334110260009766,142,-3.4877653,-133.5771842598915,28.48802661895752,-0.16504441,1.0567054,26.190276730221978,10,-0.92592084,-195.7154547130016,0.006572309415787458,0.69612014,0.19273757934570312
-58.30937185883522,0.5888274,0.0,-76.31743920146108,-114.77001609504222,0.025670359969139245,0.0441441535949707,-4.529952857268427e-09,0.0061550140380859375,0.5322302401071157,-0.025670364499092102,2.8464453,0.03437232971191406,143,-4.42927,-196.42414811253548,28.671637058258057,-0.27051988,1.0460709,42.14621428547327,10,-1.1477002,-232.6193516714158,0.006648464128375053,0.6887563,0.17563390731811523
-51.119498163461685,0.5690022,0.0,-76.55560299354838,-115.83806532323361,0.0319217944741248,0.0465083122253418,5.424022564426423e-09,0.0060007572174072266,0.5075173753586764,-0.031921789050102234,2.8657794,0.0366663932800293,144,-3.5920804,-210.4899601340294,28.859549283981323,-0.22769898,1.0528404,51.71430558115552,10,-1.1583806,-240.62415335237537,0.009302235208451748,0.69343483,0.1817762851715088
-69.8162791132927,0.5603253,0.0,-86.48020164913257,-126.05667424499988,0.027211184203624672,0.04916191101074219,2.38418573772492e-09,0.005863666534423828,0.34534765912116694,-0.027211181819438934,2.8677382,0.0353703498840332,145,-4.6792164,-281.2316805124283,29.056695461273193,-0.2511302,1.0535237,60.154883238701075,10,-1.2605666,-257.5063575434664,0.00642117066308856,0.6939087,0.18815016746520996
-46.6787568628788,0.6214088,0.0,-68.4537230343451,-101.10928968042136,0.03057196357846248,0.0450284481048584,7.3909758313561724e-09,0.0061032772064208984,0.37919448116621957,-0.03057195618748665,2.8991282,0.035241127014160156,146,-5.4684973,-199.36786675453186,29.246299028396606,-0.16248848,1.0644101,44.446204973599095,10,-1.0110929,-220.24388187337,0.009333235211670399,0.70150405,0.1831657886505127
-56.29947191476822,0.6085571,0.0,-76.22486428768669,-114.02019787728787,0.017653270930051868,0.0473170280456543,3.0994415922691587e-09,0.005857229232788086,0.47138988484530775,-0.017653267830610275,2.9025514,0.03379702568054199,147,-6.3336926,-286.01896542310715,29.456125020980835,-0.3310337,1.0655901,60.60159649413823,10,-1.1402019,-215.99316181517148,0.009236907586455345,0.7023324,0.18124890327453613
-84.3214259147644,0.5993887,0.0,-87.26539289590858,-122.84364867508411,0.01995534878969174,0.044496774673461914,4.291534239087014e-09,0.0064089298248291016,0.7080433861046986,-0.0199553444981575,2.9739256,0.037770986557006836,148,-4.5272307,-174.6528614461422,29.69129776954651,-0.36359692,1.0898829,27.422925177673225,10,-1.2284365,-230.79939519937616,0.009095821529626846,0.71960264,0.22907185554504395
-66.91361305117607,0.6132774,0.0,-70.73917203280693,-99.13036631941796,0.030760263264179244,0.060305118560791016,-2.6226043559063328e-09,0.006415128707885742,0.68440954962224,-0.0307602658867836,2.8468578,0.03274822235107422,149,-4.189037,-119.48164564371109,29.889363765716553,-0.3148523,1.0462159,14.768321207511537,10,-0.9913037,-195.8721216471278,0.006771909072995186,0.6888562,0.19365692138671875
-57.81000083684921,0.61141247,0.0,-63.68745848154185,-92.52216302454471,0.02410867121815663,0.046005964279174805,-1.0609626954760643e-08,0.005785465240478516,0.8339596051879934,-0.024108681827783585,2.8267066,0.03522515296936035,150,-3.976951,-138.85264837741852,30.099969148635864,-0.27779746,1.0391123,27.55320305072807,10,-0.92522156,-202.01953541301444,0.006618861109018326,0.6839803,0.20322489738464355
-59.511435091495514,0.620046,0.0,-66.59276352734598,-94.22180996835232,0.02750937885046012,0.039591073989868164,-5.006790093631253e-09,0.005381107330322266,0.9738866624287075,-0.027509383857250214,2.831776,0.03162503242492676,151,-4.0243707,-126.03594145178795,30.281800270080566,-0.24999702,1.040904,19.345948968761434,10,-0.9422181,-191.63749064444056,0.009749112650752068,0.6852067,0.17485308647155762
-57.96132728457451,0.6151434,0.0,-68.96616976845455,-98.59522461593151,0.020333422333002282,0.044797658920288086,-5.60283641704018e-09,0.0057256221771240234,0.9175512455389994,-0.0203334279358387,2.8461795,0.035071611404418945,152,-4.1609,-146.62653529644012,30.46587347984314,-0.29709274,1.0459776,28.738822301832148,10,-0.98595226,-189.6172202963598,0.009417644701898098,0.68869215,0.17794084548950195
-61.92091801762581,0.63855994,0.0,-59.82293889492998,-93.2479434967041,0.02579048272967377,0.045121192932128906,-2.6106834027928016e-08,0.006264925003051758,0.1617971148723707,-0.025790508836507797,2.8006887,0.03662300109863281,153,-6.5588107,-221.54674941301346,30.65654230117798,-0.33251718,1.0298654,43.885900985386165,10,-0.9324795,-163.99432266214313,0.009267441928386688,0.67768466,0.18438005447387695
-55.41377592086792,0.5821135,0.0,-80.29559509210154,-126.58399169147015,0.028132627740502403,0.05183839797973633,9.536743617033494e-10,0.005451202392578125,0.6132425671414562,-0.02813262678682804,2.7956686,0.03232169151306152,154,-6.7200623,-312.2332547903061,30.873347997665405,-0.27506572,1.0280713,92.57584003176375,10,-1.2658398,-251.10513697502353,0.008695567958056927,0.67646986,0.19378113746643066
-54.654513001441956,0.5903377,0.0,-81.09732481674705,-119.56933481395245,0.034828119486570386,0.04439949989318848,5.066395081243513e-10,0.0060541629791259766,0.6254392566583529,-0.03482811897993088,2.8891778,0.034302711486816406,155,-6.5301204,-307.20219326019287,31.05471920967102,-0.30039418,1.060972,65.5075124131097,10,-1.1956934,-235.1205638411142,0.009631696157157421,0.6990964,0.17483091354370117
-41.08054682612419,0.5885822,0.0,-79.91403169393817,-123.44941816180945,0.025407773479819262,0.04237794876098633,6.556510889765832e-09,0.005783557891845703,0.5628174019902892,-0.025407766923308372,2.8171766,0.03530406951904297,156,-7.8763804,-284.8707293868065,31.237372159957886,-0.18365405,1.0357351,77.85137973013094,10,-1.2344941,-255.39063963137474,0.006875419523566961,0.68167406,0.1767287254333496
-49.33200457692146,0.5622923,0.0,-92.48306275410536,-146.83696736693383,0.01929967343807215,0.04432201385498047,2.38418573772492e-09,0.005682945251464844,0.5908872530193181,-0.019299671053886414,2.8174798,0.035952091217041016,157,-7.5970073,-381.6816247701645,31.430598735809326,-0.25658572,1.0358428,116.49697910582458,10,-1.4683697,-276.36567871405884,0.006755169481039047,0.6817475,0.18562841415405273
-52.82267817854881,0.6100142,0.0,-72.07559789497562,-108.5627136260271,0.02328066003322604,0.04450702667236328,-5.2452087118126656e-09,0.0056285858154296875,0.3420592077719774,-0.023280665278434753,2.7888174,0.0335233211517334,158,-6.247205,-278.8007786870003,31.62830138206482,-0.32382247,1.0256176,61.005950280234224,10,-1.0856272,-200.11626912656533,0.009926452301442623,0.674812,0.18574976921081543
-42.070653200149536,0.53786844,0.0,-105.37024455294504,-172.629808139801,0.017154046803712575,0.04084062576293945,-9.775162013170302e-09,0.005609989166259766,0.4398010937665765,-0.017154056578874588,2.7791083,0.03291797637939453,159,-7.483773,-399.9840968847275,31.821986436843872,-0.22331528,1.0221301,136.93034174174255,10,-1.7262981,-266.5213771978643,0.00637413002550602,0.6724628,0.17014360427856445
-55.10245743393898,0.60102904,0.0,-67.7798115193724,-97.20869565904141,0.024193098723888307,0.04655170440673828,-1.907348723406699e-09,0.006147146224975586,-1.6395721798607727,-0.02419310063123703,2.757275,0.03516030311584473,160,-3.4449296,-140.71748340129852,32.01857256889343,-0.2706251,1.0142429,23.363913679833992,10,-0.97208697,-192.25077107049245,0.007196894846856594,0.66717976,0.19048023223876953
-62.27958309650421,0.5952416,0.0,-71.10142508499625,-101.1759436160326,0.02664588989317407,0.047385454177856445,-3.3378602104505717e-09,0.00580143928527832,0.8664792726016807,-0.02664589323103428,2.7213783,0.034203290939331055,161,-3.609505,-142.2195039689541,32.208475828170776,-0.24819168,1.0011384,19.361953241123633,10,-1.0117595,-199.98296121104568,0.00905441865324974,0.6584939,0.18210101127624512
-58.649317502975464,0.6345979,0.0,-65.53621275931302,-95.05991450995207,0.05049173378944394,0.04405951499938965,-1.5497207961345794e-09,0.005951642990112305,0.9572247608722194,-0.050491735339164734,2.7575157,0.035454750061035156,162,-3.9275408,-133.30471789836884,32.41447186470032,-0.20498142,1.0143301,25.53055084941021,10,-0.9505992,-171.23753402031605,0.009797725826501846,0.6672383,0.19887614250183105
-52.42646840214729,0.5765728,0.0,-101.60852684087796,-157.9946258187294,0.021218667492270527,0.04906964302062988,1.931190496406998e-08,0.0055904388427734375,0.31245232945922075,-0.021218648180365562,2.7979815,0.03209209442138672,163,-7.392996,-351.52405774593353,32.605149030685425,-0.31601602,1.0288982,96.26333419239107,10,-1.5799463,-260.48383613704084,0.00655617518350482,0.67702967,0.18042731285095215
-43.59018540382385,0.49052003,0.0,-119.19842855223733,-183.99115599244834,0.024981721520424216,0.04582953453063965,-1.5616416604302685e-08,0.005719900131225586,0.5241114754867687,-0.02498173713684082,2.8102155,0.03491353988647461,164,-7.8321815,-388.3362718820572,32.79303193092346,-0.19908085,1.0332612,107.47025572471601,10,-1.8399116,-338.4144819652384,0.009024745784699917,0.6799899,0.18193507194519043
-60.091734170913696,0.6215352,0.0,-72.24406608230325,-101.52546821832657,0.01885466364026067,0.047662973403930664,-2.8610229740877458e-09,0.005910634994506836,-0.2960388935908205,-0.018854666501283646,2.8149858,0.03573250770568848,165,-4.459597,-113.73221129179001,32.985177516937256,-0.21408787,1.0349572,14.950634879759086,10,-1.0152547,-155.36837361362637,0.006557821296155453,0.68114436,0.18500280380249023
-89.16163778305054,0.5846429,0.0,-86.73690762469272,-121.21649633049965,0.041628559142351196,0.0446016788482666,9.536743617033494e-10,0.006083011627197266,0.8962180085066117,-0.041628558188676834,2.7707665,0.03625297546386719,166,-4.6499944,-162.64665168523788,33.17512536048889,-0.26105365,1.019124,19.865280559153785,10,-1.2121649,-243.57163770162,0.006833272520452738,0.6704444,0.18371224403381348
-53.12862288951874,0.6003074,0.0,-75.10519311235264,-104.82499137073755,0.04248987635970103,0.04401278495788574,-6.1988831845383174e-09,0.006726980209350586,0.9020718685850037,-0.04248988255858421,2.7738411,0.035962581634521484,167,-4.591571,-159.35901021957397,33.360135555267334,-0.22546418,1.020233,31.727861801372235,10,-1.04825,-186.21936860611544,0.00916594360023737,0.67118835,0.17823576927185059
-78.73736679553986,0.588308,0.0,-76.76418196258346,-107.30083535760642,0.03937073439359673,0.04735898971557617,-3.5762786065873797e-09,0.0065042972564697266,0.9159840499924145,-0.039370737969875336,2.770268,0.03564906120300293,168,-4.370624,-159.70789182186127,33.56835579872131,-0.20683427,1.018944,25.657817058213052,10,-1.0730084,-226.9125597829381,0.009449929930269718,0.670324,0.20204472541809082
-78.4740622639656,0.5579357,0.0,-89.95828942818994,-129.63181471079588,0.025140125989913997,0.04715394973754883,-1.0490417423625331e-08,0.0057108402252197266,0.47719475766252806,-0.02514013648033142,2.7498107,0.03650474548339844,169,-5.625006,-254.3254003226757,33.75770664215088,-0.22726923,1.0115321,47.74805251498686,10,-1.2963182,-265.8332979526713,0.009787708520889282,0.6653739,0.1831831932067871
-77.88902297616005,0.5974874,0.0,-73.8121357748256,-103.74630211144685,0.022652521297335637,0.04009675979614258,1.4305114870438729e-09,0.00570988655090332,0.7149378251267362,-0.02265251986682415,2.7914538,0.03348565101623535,170,-4.6025906,-130.71777474880219,33.957565784454346,-0.1878191,1.0265626,13.824992526463044,10,-1.0374631,-219.06263071330972,0.009555261582136154,0.6754502,0.18849921226501465
-77.30201153457165,0.55588573,0.0,-96.32666365508564,-142.3499290242791,0.023929792180657383,0.04429292678833008,-6.794929507947245e-09,0.00555109977722168,0.3629160661829133,-0.02392979897558689,2.7989426,0.03313279151916504,171,-6.5988646,-345.27791249752045,34.168087005615234,-0.1758212,1.0292417,76.59884642036484,10,-1.4234992,-279.92923699302315,0.009620027616620064,0.6772623,0.20400571823120117
-67.03433132171631,0.65523875,0.0,-61.83727841879089,-90.07643882855773,0.03524900773167605,0.04195761680603027,-5.7220459481754915e-09,0.005404472351074219,0.04492131444659464,-0.035249013453722,2.769472,0.031082630157470703,172,-3.8541136,-106.19368490576744,34.37629985809326,-0.11377039,1.0186566,12.875020491174459,10,-0.9007644,-132.11560202610627,0.0066379099152982235,0.670131,0.20158720016479492
-53.543788343667984,0.6112147,0.0,-72.30289145368732,-108.75537793338299,0.02956246912479399,0.04020953178405762,-4.172325152040912e-09,0.0055501461029052734,0.31559488167055516,-0.02956247329711914,2.765687,0.030714750289916992,173,-5.544313,-239.97621458768845,34.558894634246826,-0.21764287,1.017289,52.00327593939498,10,-1.0875537,-199.32336881696992,0.008186702616512775,0.66921526,0.1748371124267578
-62.01875764131546,0.6277189,0.0,-61.53189063940092,-90.7721105337143,0.024862335041165307,0.0452418327331543,-9.536743617033494e-10,0.005727529525756836,0.476208884325068,-0.02486233599483967,2.7726963,0.034596920013427734,174,-3.457732,-119.37801069021225,34.748040437698364,-0.31149185,1.0198202,20.291557929674738,10,-0.9077211,-159.47911405603932,0.006685697473585606,0.6709114,0.1786491870880127
-59.28021904826164,0.6117146,0.0,-64.62750780591747,-93.93460869640111,0.03840838611125941,0.045084238052368164,2.38418573772492e-09,0.005747079849243164,0.9461843713945619,-0.03840838372707367,2.7684138,0.03498649597167969,175,-4.933914,-132.9629988372326,34.946024894714355,-0.24703069,1.0182745,23.126865246742817,10,-0.9393461,-150.2742707474762,0.009638260118663311,0.66987526,0.19629454612731934
-56.88484936952591,0.5727447,0.0,-84.7137638650251,-118.71384051293134,0.025702794805169127,0.04220294952392578,1.0967254659988157e-08,0.005672454833984375,0.931216465776657,-0.025702783837914467,2.7819211,0.033186912536621094,176,-5.0014906,-161.00318777561188,35.13598442077637,-0.22155723,1.0231417,34.6145410323326,10,-1.1871384,-218.8292443685763,0.009644617326557636,0.67314345,0.17912006378173828
-62.421852231025696,0.6250675,0.0,-66.68970585459081,-96.1207323655486,0.03259287577867509,0.04147529602050781,5.4836273299940785e-09,0.005786418914794922,0.8875758758273481,-0.03259287029504776,2.8101354,0.03438544273376465,177,-4.6848087,-123.98755058646202,35.31429171562195,-0.2392881,1.0332327,16.515624853235014,10,-0.96120733,-146.70499630515408,0.006937629543244839,0.6799706,0.1723172664642334
-79.79017108678818,0.5896837,0.0,-80.27320680052637,-113.04213488548994,0.022265405997633714,0.04761099815368652,-4.0531160649948106e-09,0.005868434906005859,0.8401781403259438,-0.02226541005074978,2.8009548,0.034746646881103516,178,-5.3680973,-160.63323518633842,35.504756927490234,-0.15366353,1.0299604,30.068829479828924,10,-1.1304214,-211.16555278762453,0.006493471097201109,0.67774904,0.18402695655822754
-74.38005286455154,0.58362365,0.0,-86.82767664506261,-120.34858056902885,0.03881878027319896,0.047768354415893555,7.3909758313561724e-09,0.005994081497192383,0.9273374083823691,-0.03881877288222313,2.7862575,0.0349574089050293,179,-5.2960343,-135.96755343675613,35.69236993789673,-0.22618756,1.0246993,18.446555968886123,10,-1.2034858,-223.55099586827268,0.006802534218877554,0.6741927,0.18135309219360352
-60.70718292891979,0.5902179,0.0,-77.64486612231731,-108.31004838570952,0.03435199785232523,0.045538902282714844,-6.675720420901143e-09,0.0057621002197265625,0.922744839731853,-0.034352004528045654,2.7647746,0.035620927810668945,180,-5.264035,-130.3244037926197,35.88103675842285,-0.116537586,1.0169591,20.287579972211976,10,-1.0831004,-220.54763485487396,0.008613555692136288,0.6689946,0.1813955307006836
-63.320315808057785,0.62105775,0.0,-70.06982269615668,-101.3665804989636,0.042990637481212346,0.04276609420776367,-9.775162013170302e-09,0.006087779998779297,0.8857143497065069,-0.04299064725637436,2.7320454,0.03521299362182617,181,-5.208939,-158.46904788166285,36.063592195510864,-0.10877841,1.0050505,29.231533129356478,10,-1.0136658,-172.75882979227816,0.00934388767927885,0.66107494,0.1763136386871338
-61.62143912911415,0.6276971,0.0,-74.44166578597968,-104.87777790725231,0.04448775610327793,0.045305728912353516,1.525878978725359e-08,0.005844593048095703,0.9093333807182835,-0.044487740844488144,2.7369375,0.03405928611755371,182,-4.7960873,-163.97899183630943,36.259268045425415,-0.22006524,1.0068396,29.38187459036507,10,-1.0487777,-184.21716407380842,0.007973757572472095,0.6622588,0.18850350379943848
-58.65225876867771,0.6105259,0.0,-77.79227815281544,-115.24377008080482,0.029752170279621737,0.04760551452636719,3.3140182154056674e-08,0.005754232406616211,0.14990906607571652,-0.029752137139439583,2.737862,0.03453540802001953,183,-6.9418273,-264.0511389821768,36.45099329948425,-0.20881395,1.0071774,57.64713030360312,10,-1.1524377,-217.02725152694157,0.009778457693755627,0.6624824,0.1848282814025879
-66.23110070824623,0.58094144,0.0,-82.44507009882025,-127.3232704564929,0.035587468117475485,0.04395031929016113,-2.8610229740877458e-09,0.006777524948120117,0.5358540178067208,-0.03558747097849846,2.7210674,0.03582024574279785,184,-7.236161,-303.5291853547096,36.63803720474243,-0.18954055,1.0010242,76.11843490051446,10,-1.2732327,-226.31783809399107,0.00972715299576521,0.6584187,0.18057847023010254
-48.67019605636597,0.57832956,0.0,-87.9458320314376,-136.15996837466955,0.0255686534345152,0.04418301582336426,-6.9141385949933465e-09,0.006226062774658203,0.4931379972602663,-0.025568660348653793,2.7185926,0.03622889518737793,185,-7.606087,-348.8465472459793,36.82303190231323,-0.19038469,1.0001143,98.35675891831737,10,-1.3615996,-255.55824575046904,0.006836169399321079,0.6578197,0.17869853973388672
-52.823856219649315,0.58750284,0.0,-80.7333165532771,-117.93396315425635,0.031815775692462966,0.043106794357299805,9.536743617033494e-10,0.005932807922363281,0.6348974173379269,-0.031815774738788605,2.731246,0.0375518798828125,186,-6.7731495,-291.78830724954605,37.02186441421509,-0.21698762,1.0047579,64.0000610961155,10,-1.1793396,-230.49762420048972,0.00998743250966072,0.66088164,0.19247150421142578
-60.609844356775284,0.5994104,0.0,-71.29082307368897,-108.44694650620222,0.027571143105626084,0.050377845764160156,-4.768371808516747e-10,0.0060350894927978516,0.6398437049942165,-0.027571143582463264,2.747514,0.03214597702026367,187,-6.9897723,-302.7676217556,37.26302170753479,-0.16762877,1.0106965,67.72304789361863,10,-1.0844694,-203.10726971805644,0.009431714192032814,0.6648181,0.23110365867614746
-67.87326410412788,0.6231425,0.0,-73.89146598955865,-103.81540114581585,0.02863237601518609,0.04392385482788086,-4.0531160649948106e-09,0.0056879520416259766,0.8234037458956083,-0.028632380068302155,2.760015,0.032692909240722656,188,-5.3628354,-118.6499325633049,37.44932699203491,-0.119219646,1.0152361,14.954821928907238,10,-1.038154,-157.94040875109303,0.009718532674014568,0.6678429,0.17903828620910645
-62.608429819345474,0.6155058,0.0,-77.40470014618946,-121.85604847967625,0.02750679995119576,0.04436445236206055,1.82092190215144e-08,0.005877017974853516,0.2848028082768508,-0.027506781741976738,2.77714,0.03477644920349121,189,-6.886957,-341.63344728946686,37.63403630256653,-0.23951416,1.0214216,94.47297874820474,10,-1.2185606,-226.05350821301076,0.009769176132977009,0.6719866,0.17860817909240723
-57.67257511615753,0.5696628,0.0,-91.76473907765508,-132.92243422567844,0.0345736277699471,0.04341936111450195,-1.7285346487483366e-09,0.005715370178222656,0.6421641970670855,-0.03457362949848175,2.7256613,0.03597521781921387,190,-6.7053328,-324.16629445552826,37.852147579193115,-0.22112595,1.002711,72.75135900127471,10,-1.3292243,-268.91954872434604,0.009989960119128227,0.6595303,0.2117326259613037
-65.11083391308784,0.53274286,0.0,-114.8383915527656,-180.15544887036086,0.020518959373235557,0.04047894477844238,4.529952857268427e-09,0.005460262298583984,0.5663149487872343,-0.0205189548432827,2.7318995,0.03177142143249512,191,-7.993417,-388.8548113703728,38.03102922439575,-0.19516698,1.0049971,121.28118316560749,10,-1.8015544,-308.0147302800712,0.007400044705718756,0.66103965,0.17123723030090332
-82.4648017436266,0.53798395,0.0,-109.06607030775808,-162.5299907118082,0.023808894798159605,0.04358506202697754,1.1920929521291868e-10,0.006229400634765625,0.7441175103281581,-0.02380889467895031,2.7131124,0.0363767147064209,192,-8.274661,-394.6054515838623,38.226123571395874,-0.19142106,0.9980964,116.01643320637525,10,-1.6252999,-317.0914992991511,0.007150679361075163,0.65649354,0.18793058395385742
-82.47951102256775,0.49380034,0.0,-122.79263541976209,-200.92562340795993,0.033105815768241786,0.04486227035522461,-4.649162388403738e-09,0.005638599395751953,0.5307735435000144,-0.033105820417404175,2.6711507,0.032218217849731445,193,-8.684055,-347.699135184288,38.42305612564087,-0.13087173,0.9825094,115.75343658519662,10,-2.0092561,-345.2740307589187,0.009935884736478329,0.64634025,0.1747303009033203
-38.65713441371918,0.47871506,0.0,-120.04686381355266,-191.8769602417946,0.028306413248181395,0.06463980674743652,1.6689301052252858e-09,0.006239891052246094,0.21577347000653135,-0.02830641157925129,2.6401827,0.039156436920166016,194,-8.613399,-364.3119992017746,38.63856601715088,-0.18560183,0.97084814,104.18993175759293,10,-1.9187695,-380.2070595766378,0.009234907105565071,0.63884705,0.20929622650146484
-68.65265890955925,0.4810696,0.0,-134.9417772696018,-214.33630574196576,0.024018207594752372,0.05204319953918457,3.755092681245742e-09,0.005746603012084961,0.5947789527776461,-0.02401820383965969,2.6972723,0.03415513038635254,195,-9.176741,-445.34989899396896,38.83005404472351,-0.15318552,0.99224097,156.45746123518788,10,-2.143363,-350.48087856442663,0.00820992048829794,0.652661,0.18436455726623535
-35.41819970309734,0.49083,0.0,-112.9844555363524,-169.47160443887114,0.016282225072384193,0.054865360260009766,-2.789497344224401e-08,0.006092548370361328,0.337413152193098,-0.016282252967357635,2.674231,0.03389310836791992,196,-8.096316,-347.38408374786377,39.04170036315918,-0.11877412,0.9836619,94.7291438863438,10,-1.694716,-301.1087572550371,0.006402682047337294,0.6470857,0.20461344718933105
-34.75286568701267,0.5375354,0.0,-106.05763761463061,-172.46489645987748,0.029821959778666474,0.0464022159576416,-4.768371808516747e-10,0.005468130111694336,0.41549002414180036,-0.029821960255503654,2.7084332,0.032221078872680664,197,-9.501683,-444.4421033859253,39.23178219795227,-0.14500633,0.99637026,137.81038905061652,10,-1.724649,-315.63948432201767,0.006517054978758097,0.65536135,0.18368983268737793
-73.02393329143524,0.5944724,0.0,-75.44705271243666,-107.71586468815804,0.044592130929231644,0.04606771469116211,-0.0,0.005562305450439453,-0.5971001255572566,-0.044592130929231644,2.7410598,0.033480167388916016,198,-5.862075,-141.96391142904758,39.428117990493774,-0.12870927,1.0083447,22.4571076060586,10,-1.0771587,-165.42052918134544,0.006677714642137289,0.6632562,0.19021248817443848
-52.75852686166763,0.5771275,0.0,-88.3564511095323,-139.65224247053266,0.02482410581409944,0.04246640205383301,6.1988831845383174e-09,0.0055501461029052734,0.06401066124579269,-0.024824099615216255,2.740135,0.03263282775878906,199,-9.56539,-375.5469574332237,39.62119174003601,-0.10617282,1.0080072,110.85502350300906,10,-1.3965224,-254.2152224083567,0.006553775630891323,0.6630325,0.18471646308898926
