PolicyExecTime,EnvExecTime,ProcessExecTime,OriginalTaskAverageReturn,IRLAverageEnergy,IRLAverageLogQtau,IRLMedianLogQtau,IRLAverageExpertEnergy,IRLAverageExpertLogQtau,IRLMedianExpertLogQtau,IRLLoss,Iteration,AverageDiscountedReturn,AverageReturn,ExplainedVariance,NumTrajs,Entropy,Perplexity,StdReturn,MaxReturn,MinReturn,AveragePolicyStd,LossBefore,LossAfter,MeanKLBefore,MeanKL,dLoss,Time,ItrTime
0.18494939804077148,2.523857831954956,0.054994821548461914,-176.5317734744717,4.0614824,-2.8318698,-2.5380964,2.9508512,-4.8126545,-3.0344114,0.8554181,0,-261.31665970975735,-471.864383511856,1.2385648062718246e-12,61,2.8378768,17.079464,143.93394276131016,-275.24780428409576,-857.2611479759216,1.0,-0.28378769755363464,-0.2943696975708008,0.0,0.009541322477161884,0.010582000017166138,4.37605619430542,4.376060962677002
0.16018080711364746,2.7551703453063965,0.05852913856506348,-155.5858835814025,4.2733545,-2.8239272,-2.504934,2.5608618,-5.3374944,-3.632831,0.41020873,1,-302.6224502999718,-550.6411666100676,0.775655402746031,55,2.8195646,16.769547,197.75223282123875,-234.89604783058167,-1099.273871421814,0.9908884,-0.2819565236568451,-0.2917690873146057,0.0,0.007435023318976164,0.00981256365776062,7.723985910415649,3.338860034942627
0.15096592903137207,2.3454978466033936,0.05409669876098633,-162.0411876537548,4.8435373,-2.7911668,-2.470862,2.1004195,-5.5498877,-3.8480139,0.31108463,2,-319.56680235990075,-530.8971585808322,0.6285048695960624,64,2.8068125,16.557058,187.61931230639215,-248.10117554664612,-912.8557071685791,0.98461795,-0.2806812822818756,-0.28999587893486023,0.0,0.009786306880414486,0.00931459665298462,10.601794004440308,2.8736939430236816
0.14699411392211914,2.193244457244873,0.048560142517089844,-123.75710716556429,5.2606044,-2.7735512,-2.4778945,1.9875672,-5.6213474,-3.8959208,0.26691487,3,-355.26296538911413,-585.0601484626532,0.7682785681794325,65,2.7814407,16.142262,217.5808212310297,-223.33034563064575,-1022.5833978652954,0.9722262,-0.27814409136772156,-0.2846603989601135,0.0,0.007288803346455097,0.006516307592391968,13.33823013305664,2.731762170791626
0.15126848220825195,2.203672170639038,0.053143978118896484,-132.12125896159804,5.6865764,-2.7598717,-2.466059,1.2632967,-5.5415783,-3.7350209,0.20993271,4,-371.9906359494207,-612.0824406372778,0.7250294758104983,66,2.7621615,15.834031,251.31488240694355,-227.79196333885193,-1388.9949207305908,0.96289945,-0.27621614933013916,-0.28315138816833496,0.0,0.0067950403317809105,0.006935238838195801,16.127233028411865,2.784505844116211
0.14835548400878906,2.1768765449523926,0.05653715133666992,-115.37694603073187,6.3572936,-2.742573,-2.4265063,1.092171,-5.9053245,-4.131672,0.1666103,5,-401.92412308291443,-670.2675239310336,0.7980559369196255,67,2.7328277,15.376305,343.6877914134584,-213.21141374111176,-1615.1721200942993,0.948846,-0.2732827365398407,-0.2828027009963989,0.0,0.00722206337377429,0.009519964456558228,18.866139888763428,2.733185052871704
0.1312248706817627,1.753056287765503,0.04839634895324707,-84.34297161462865,6.3908796,-2.7089567,-2.397798,1.0717014,-5.9431095,-4.2426877,0.16770655,6,-391.3553661651851,-609.6380447080812,0.8761919689738419,74,2.7107615,15.040726,259.4064946228144,-310.3326213359833,-1261.2586116790771,0.9384295,-0.27107611298561096,-0.28026971220970154,0.0,0.006782411132007837,0.009193599224090576,21.142091035842896,2.271393060684204
0.13038945198059082,1.7270722389221191,0.0478978157043457,-95.53227948321884,6.5910964,-2.6904898,-2.3886209,0.45487887,-5.9796605,-4.2853856,0.14738701,7,-408.108903362771,-626.3322633028131,0.8569479680388152,74,2.6856856,14.668255,215.6845980160356,-300.80953054502606,-1414.4122948646545,0.9267324,-0.26856860518455505,-0.2795819640159607,0.0,0.008078432641923428,0.01101335883140564,23.38800597190857,2.2409002780914307
0.1310710906982422,1.6969482898712158,0.045623779296875,-89.32763967155245,6.837756,-2.6646144,-2.3606567,0.27263033,-5.5905957,-3.8344512,0.1386108,8,-416.99279126455923,-636.6309876949772,0.8120936034050771,76,2.6721957,14.471709,195.90496850818244,-325.88645350933075,-1341.22500538826,0.9205795,-0.2672196626663208,-0.27568161487579346,0.0,0.006706729996949434,0.008461952209472656,25.605396032333374,2.212427854537964
0.13273930549621582,1.681178092956543,0.04845905303955078,-82.74907622882475,7.1794405,-2.6452188,-2.3286705,0.19943118,-5.5126066,-3.7006707,0.12895659,9,-429.2852948125815,-659.0167137000275,0.7674730951531655,77,2.6425517,14.049006,206.50883087148318,-365.1167639493942,-1366.0618815422058,0.9069694,-0.2642552852630615,-0.2764081358909607,0.0,0.007312898989766836,0.01215285062789917,27.81305694580078,2.2024130821228027
0.1346426010131836,1.7479743957519531,0.049459218978881836,-87.30790646275236,7.6193976,-2.6413162,-2.3313012,-0.090717435,-5.730683,-3.8684335,0.12770727,10,-445.02578353596067,-679.2837515787422,0.6418561074362314,79,2.6294563,13.866228,233.6326133531792,-366.68781542778015,-1602.2041063308716,0.9010477,-0.2629457414150238,-0.27664366364479065,0.0,0.0066712163388729095,0.013697922229766846,30.184002161026,2.3632681369781494
0.15871024131774902,2.229825973510742,0.05825042724609375,-84.68198555926764,7.738742,-2.6307366,-2.322714,-0.479413,-5.5807757,-3.789641,0.12260782,11,-467.385851279132,-703.431823501029,0.7453694243960312,78,2.6447792,14.080336,147.9538132271848,-395.2022442817688,-1125.2693095207214,0.90796816,-0.26447793841362,-0.2715497612953186,0.0,0.006939080078154802,0.007071822881698608,33.041404008865356,2.8514440059661865
0.17159724235534668,2.223649263381958,0.06648826599121094,-90.54623342534816,7.7083488,-2.612848,-2.313409,-0.99047774,-6.092603,-4.2480574,0.1120536,12,-447.24474196988876,-681.3217200301588,0.6559268018124937,80,2.6175725,13.702421,214.33841375902693,-391.45275485515594,-1481.104282617569,0.89572257,-0.26175713539123535,-0.2726038992404938,0.0,0.00797163788229227,0.010846763849258423,35.9123420715332,2.864171028137207
0.15747928619384766,2.0744659900665283,0.061403512954711914,-73.70325156652041,8.602574,-2.5960603,-2.2973871,-0.035902966,-6.3074675,-4.3110704,0.11829847,13,-508.44300377154156,-779.3049534940376,0.6976024086838392,78,2.5842094,13.252808,237.72415846447694,-490.52249217033386,-1989.973065495491,0.8810015,-0.25842100381851196,-0.2697497606277466,0.0,0.007751633413136005,0.01132875680923462,38.56729078292847,2.646331787109375
0.13417387008666992,1.7081687450408936,0.047698974609375,-71.75209460706654,8.3377075,-2.5756326,-2.268434,-0.2430496,-6.0655985,-4.163593,0.11517837,14,-477.40319619037854,-715.2126156200723,0.8748077841986975,82,2.5768278,13.15534,173.41430494973213,-452.1375621557236,-1210.9166672229767,0.87763554,-0.2576826810836792,-0.2712707221508026,0.0,0.009271525777876377,0.013588041067123413,40.806191205978394,2.2334442138671875
0.12848830223083496,1.5769312381744385,0.04701375961303711,-74.99239024910179,7.8345666,-2.560756,-2.2623215,-1.1907629,-6.2741213,-4.352644,0.11838123,15,-443.6114899235092,-670.906448234009,0.843059473853013,82,2.5640428,12.98822,181.39247415437254,-373.704902112484,-1208.4004613161087,0.8720581,-0.2564042806625366,-0.26137641072273254,0.0,0.006681644357740879,0.004972130060195923,42.89518594741821,2.0844240188598633
0.14759182929992676,1.8655810356140137,0.053240060806274414,-74.40353884777709,8.85577,-2.510937,-2.2177472,-0.7302782,-6.223042,-4.3120046,0.112105854,16,-502.05743034906874,-756.6283692522202,0.7471741724510422,82,2.524971,12.490533,196.53625605357766,-438.19230675697327,-1614.9861688613892,0.85525894,-0.2524971067905426,-0.2565478980541229,0.0,0.006489394698292017,0.004050791263580322,45.360507011413574,2.4596290588378906
0.1601881980895996,2.0106844902038574,0.060663461685180664,-79.48950122344053,8.66297,-2.4831665,-2.167829,-1.1796623,-6.5560727,-4.566802,0.10551469,17,-495.36950013638693,-753.571442661462,0.6191943340749628,81,2.477846,11.915569,237.89111469860498,-431.32835334539413,-1674.0164513587952,0.83539987,-0.24778464436531067,-0.2582470774650574,0.0,0.00796525552868843,0.010462433099746704,47.940922021865845,2.5726797580718994
0.14235544204711914,1.8460783958435059,0.05498003959655762,-64.48426621102604,8.912589,-2.4390836,-2.136178,-0.67066437,-6.607318,-4.656555,0.1074795,18,-508.1916279873944,-767.5695988303278,0.7435454454834916,82,2.4529397,11.622463,184.70887979783345,-483.2228035926819,-1513.7345473766327,0.8250207,-0.24529391527175903,-0.25406038761138916,0.0,0.009471200406551361,0.008766472339630127,50.33939003944397,2.3932812213897705
0.13393759727478027,1.7808372974395752,0.04919028282165527,-64.7274293361327,8.76987,-2.4246435,-2.1172357,-0.64854515,-7.205963,-5.146652,0.11726611,19,-507.90186526216974,-772.2966951283627,0.8032355601448916,80,2.413448,11.172419,211.37995469389898,-495.0185708999634,-1703.5066187381744,0.8088377,-0.24134480953216553,-0.24875523149967194,0.0,0.009912471286952496,0.007410421967506409,52.65397500991821,2.308504819869995
0.1447896957397461,2.085059642791748,0.06428694725036621,-62.574231490986264,8.970784,-2.3971694,-2.0709784,-0.9290496,-6.920798,-4.8295774,0.11453946,20,-518.6984827364264,-775.3636411192977,0.8474851892636109,81,2.3846774,10.85556,176.55931221445215,-442.0027596950531,-1271.889482498169,0.7972396,-0.23846764862537384,-0.2477484494447708,0.0,0.008777706883847713,0.009280800819396973,55.388360023498535,2.729526996612549
0.14504551887512207,1.924842119216919,0.05334615707397461,-44.327214798353666,8.638001,-2.3718019,-2.040157,-0.40239727,-7.505705,-5.282022,0.12817183,21,-509.23565128726983,-778.5135156058624,0.7004187933851402,79,2.354999,10.538119,222.34679932229506,-490.8215878009796,-1925.482156932354,0.7855233,-0.23549990355968475,-0.24909263849258423,0.0,0.009298408403992653,0.013592734932899475,57.95893311500549,2.5672800540924072
0.16482210159301758,2.097665786743164,0.059856414794921875,-41.605800076452404,8.642679,-2.3175304,-1.9947615,-0.6063022,-7.4031916,-5.1974206,0.114698455,22,-504.53310519527525,-772.3710554785366,0.7847048076850471,79,2.3234503,10.210844,220.14835084747529,-505.95887196063995,-1892.3126032352448,0.77322716,-0.23234516382217407,-0.2430219203233719,0.0,0.008700746111571789,0.010676756501197815,60.6777081489563,2.7140817642211914
0.14535760879516602,2.0946826934814453,0.06589746475219727,-44.15343582605527,8.4929495,-2.2969928,-1.9853499,-0.7814983,-7.4964595,-5.3035975,0.110772744,23,-495.2883602283885,-740.9836447586385,0.8686444399072024,81,2.3206248,10.1820345,144.77120524995524,-479.74879828095436,-1160.9517164230347,0.77212447,-0.23206248879432678,-0.23964057862758636,0.0,0.006900976877659559,0.0075780898332595825,63.40326809883118,2.719304084777832
0.15171003341674805,2.0077786445617676,0.055675506591796875,-42.16724229801822,8.652935,-2.2691495,-1.9710634,-0.7726179,-7.459136,-5.154373,0.11826965,24,-505.0625836745321,-759.7277256145142,0.9553220256555396,80,2.2853935,9.829554,155.8770478064274,-489.42299277335405,-1115.8734118938446,0.7586313,-0.2285393923521042,-0.23551781475543976,0.0,0.009330106899142265,0.006978422403335571,66.060378074646,2.651149034500122
0.14655804634094238,2.059309720993042,0.05705738067626953,-38.79694500562708,8.806104,-2.189772,-1.8873911,-0.8896567,-7.53178,-5.09684,0.111958675,25,-516.2809435078135,-781.0679953109378,0.7659712778046142,79,2.2079604,9.097142,207.78421596987528,-502.0252436697483,-1623.748220205307,0.72983456,-0.22079604864120483,-0.22866609692573547,0.0,0.008401105180382729,0.00787004828453064,68.6788969039917,2.612308979034424
0.13541531562805176,1.8264853954315186,0.05012178421020508,-33.00457883451575,8.441678,-2.1781626,-1.8811156,-0.6138001,-7.549436,-5.0422015,0.1100084,26,-506.8487717831735,-788.1150478646904,-0.08568312428182101,75,2.1806757,8.852286,255.1647838674887,-464.6558637917042,-1861.3316324055195,0.71993905,-0.21806760132312775,-0.22987571358680725,0.0,0.006546304561197758,0.011808112263679504,71.04158902168274,2.3567938804626465
0.13236212730407715,1.6658995151519775,0.04777050018310547,-38.21055405004184,8.896423,-2.1584766,-1.8525187,-0.35101923,-8.233084,-5.5908127,0.11888,27,-527.9422273288528,-802.0467076500735,0.8528063488102956,78,2.1644437,8.709756,192.98688589615318,-494.93867623806,-1275.7778906822205,0.7141767,-0.21644426882266998,-0.22852344810962677,0.0,0.00668159406632185,0.012079179286956787,73.23198795318604,2.185616970062256
0.13868212699890137,1.8059470653533936,0.050702571868896484,-33.29040829870452,8.542349,-2.1446292,-1.8472435,-0.818622,-7.8857327,-5.2939568,0.11242455,28,-509.72782960608544,-777.4632422524289,0.5510456580785279,78,2.1653352,8.717524,222.50688327739468,-440.85634957253933,-2107.953923687339,0.714452,-0.2165335714817047,-0.22707509994506836,0.0,0.00669102231040597,0.010541528463363647,75.57356119155884,2.3368990421295166
0.13722681999206543,1.7272543907165527,0.051229238510131836,-35.96502089431458,8.746458,-2.1714275,-1.8608466,-1.0003959,-7.9865646,-5.31977,0.11275909,29,-521.1762110033005,-798.6538233872285,0.8115696833711958,77,2.164877,8.71353,223.08068660013996,-480.70270228385925,-1646.8788976669312,0.714289,-0.21648778021335602,-0.22969026863574982,0.0,0.009646483696997166,0.013202488422393799,77.84180498123169,2.2631959915161133
0.1348276138305664,1.788527250289917,0.04942631721496582,-36.789006115116365,8.931168,-2.1397882,-1.8362035,-1.3031416,-8.298666,-5.4109316,0.10752358,30,-521.0016589639993,-791.6363130621118,0.8857256013531144,80,2.1496391,8.581761,213.17550507568035,-417.5352433472872,-1673.9099984169006,0.70884657,-0.2149639129638672,-0.22295734286308289,0.0,0.006617994513362646,0.007993429899215698,80.15996217727661,2.3130266666412354
0.13858962059020996,1.7261672019958496,0.04886364936828613,-28.640500065475862,8.743756,-2.118997,-1.8103375,-1.3576448,-8.984701,-5.7731686,0.1117099,31,-535.6676530653909,-820.397488357909,0.8972108400126414,75,2.1098175,8.246737,196.65605166667814,-473.7851067557931,-1349.033194065094,0.6949213,-0.21098177134990692,-0.22242121398448944,0.0,0.006602571811527014,0.01143944263458252,82.41683506965637,2.249058961868286
0.14144277572631836,1.886683464050293,0.05044388771057129,-25.08550779348427,8.378447,-2.0877812,-1.7718368,-1.3463548,-8.92965,-5.724522,0.12763563,32,-488.9086590971228,-749.4998182048903,0.8649812919615345,79,2.082333,8.023166,201.95857759617695,-462.6783719062805,-1619.6639473438263,0.6854764,-0.20823340117931366,-0.22230421006679535,0.0,0.00676686642691493,0.01407080888748169,84.83996295928955,2.4187028408050537
0.13586020469665527,1.698122501373291,0.04675149917602539,-17.725851450872074,8.241857,-2.066966,-1.7505441,-1.3476448,-8.216205,-5.134658,0.13441513,33,-498.49659542652404,-760.4196728247488,0.872016928527353,76,2.0721586,7.941948,201.2163659845008,-383.21395076066256,-1220.9937963485718,0.681993,-0.20721587538719177,-0.21902623772621155,0.0,0.006708128377795219,0.011810362339019775,87.06337785720825,2.2180769443511963
0.1407301425933838,1.9259827136993408,0.048911094665527344,-17.5047742473391,8.820654,-2.0738125,-1.7605238,-0.75630724,-7.967461,-4.9111624,0.13606782,34,-544.2558117610364,-832.6697065489988,0.9241751661939754,75,2.052681,7.7887545,209.14724232697546,-482.55271342396736,-1463.1946654319763,0.67533946,-0.2052680253982544,-0.21569295227527618,0.0,0.006517475005239248,0.01042492687702179,89.5157618522644,2.4478161334991455
0.1417980194091797,1.938852310180664,0.0489201545715332,-12.501625063461622,8.4990015,-2.0159094,-1.7107874,-0.75336033,-7.8361187,-4.7440176,0.14270082,35,-525.9051949319713,-824.5195236212944,0.5674299737725109,73,2.030073,7.6146417,281.1367621761151,-351.2288085501641,-2372.0208973884583,0.66770995,-0.20300723612308502,-0.2142554223537445,0.0,0.009526767767965794,0.011248186230659485,91.98669600486755,2.4659969806671143
0.1451876163482666,1.9570252895355225,0.04975080490112305,-2.043661396048696,7.7380037,-2.022788,-1.7177444,-0.9570414,-7.4783196,-4.436495,0.15272404,36,-479.86917966472794,-734.0646604691204,0.7959854041983013,74,2.0188751,7.52985,194.11502386119125,-456.4140629544854,-1274.7350459098816,0.6639896,-0.20188754796981812,-0.2161533683538437,0.0,0.006686894688755274,0.014265820384025574,94.50834679603577,2.5171079635620117
0.15331411361694336,2.1575472354888916,0.05386185646057129,-1.689440574188991,7.991605,-2.0067813,-1.7113489,-1.2431142,-7.612481,-4.567973,0.15027927,37,-509.04221854343206,-783.3992411201406,0.9108300605178731,72,2.016659,7.5131817,171.55018423106,-474.29382006824017,-1144.9896461963654,0.6632516,-0.20166592299938202,-0.2130334973335266,0.0,0.006421142723411322,0.011367574334144592,97.20765495300293,2.693042278289795
0.13596343994140625,1.8409357070922852,0.05060076713562012,6.349776044229355,7.80389,-2.0150654,-1.7174704,-0.77252984,-7.49254,-4.414521,0.16673082,38,-496.2166389456591,-770.7165927411858,0.9063920326617149,71,2.0042992,7.4208913,184.10225019934836,-469.9732913970947,-1177.8376641273499,0.6591602,-0.2004299759864807,-0.20975494384765625,0.0,0.006613276898860931,0.009324967861175537,99.57071590423584,2.358424186706543
0.14018607139587402,1.8329851627349854,0.049413442611694336,6.0480454537893005,7.4793515,-1.9776548,-1.6839709,-0.9808232,-7.5668893,-4.414562,0.17847599,39,-485.87566025158105,-756.5898353309503,0.8916690415788207,70,1.9719083,7.1843734,188.22203474284944,-476.95688396692276,-1363.0178990364075,0.6486064,-0.19719073176383972,-0.20878934860229492,0.0,0.009950774721801281,0.0115986168384552,101.93687295913696,2.3611981868743896
0.12592291831970215,1.8560707569122314,0.05019807815551758,11.241262911113058,7.1624994,-1.9501352,-1.653924,-0.39684942,-7.6140547,-4.420421,0.20265858,40,-485.85022757289164,-749.2185514805948,0.8767033802426712,68,1.9556365,7.0684166,217.03485467648545,-438.11209484934807,-1398.7039034366608,0.64337975,-0.19556362926959991,-0.2051229178905487,0.0,0.0065727015025913715,0.009559288620948792,104.30592012405396,2.364485740661621
0.12598967552185059,1.8314568996429443,0.04587364196777344,18.910588014263393,6.9137087,-1.9679213,-1.6303806,-0.9837627,-7.4901757,-4.243933,0.196417,41,-481.5712267954632,-746.9996682381401,0.8907010758804145,65,1.9312118,6.8978643,203.70475397919253,-397.87323616072536,-1265.7028602063656,0.63566417,-0.19312116503715515,-0.20283056795597076,0.0,0.00976470485329628,0.009709402918815613,106.63971209526062,2.329195022583008
0.13493037223815918,1.969557285308838,0.052202701568603516,24.186359816642597,6.6991863,-1.8840533,-1.5787555,-1.4336518,-7.775644,-4.438564,0.20532037,42,-453.1942233524145,-699.5723913841168,0.8720656331024532,68,1.9019303,6.698813,208.53870330138196,-347.52983486652374,-1195.8343637436628,0.6269835,-0.1901930272579193,-0.19587303698062897,0.0,0.006617622449994087,0.005680009722709656,109.16425395011902,2.519115924835205
0.12880301475524902,1.8536412715911865,0.047508955001831055,23.73855447218199,6.731033,-1.8824831,-1.5677656,-0.75846165,-8.0633745,-4.533502,0.22013822,43,-474.563001430131,-735.6500878187326,0.8602447468584024,65,1.8551751,6.392818,188.5764698849231,-425.7057703137398,-1255.6624908447266,0.61256146,-0.18551751971244812,-0.1948464810848236,0.0,0.006610294803977013,0.009328961372375488,111.52453804016113,2.354867935180664
0.1303083896636963,1.8979759216308594,0.0472409725189209,28.855798216030223,6.694095,-1.8260007,-1.520005,-0.71188104,-8.084819,-4.565821,0.22962327,44,-467.8473755118663,-717.383896031163,0.8718527615615979,66,1.8253402,6.204905,200.10364181016442,-418.0730279684067,-1166.2552137374878,0.60366446,-0.18253396451473236,-0.1910908818244934,0.0,0.006713666953146458,0.008556917309761047,113.9542191028595,2.4247989654541016
0.12676119804382324,1.9646601676940918,0.05209684371948242,29.29115998782907,6.1899886,-1.779968,-1.4892851,-0.48724237,-7.961208,-4.345652,0.26548493,45,-442.4668934405015,-681.9626602728385,0.883710642570891,64,1.7946205,6.017191,211.26499424442957,-360.7507771551609,-1234.1808725595474,0.59456855,-0.17946209013462067,-0.19383516907691956,0.0,0.009584798477590084,0.01437307894229889,116.494136095047,2.5331990718841553
0.14929556846618652,2.3654732704162598,0.06184720993041992,38.28360741805545,6.067966,-1.800418,-1.4829468,0.80140835,-8.065875,-4.325138,0.29526126,46,-434.882713464303,-684.7169660905761,0.7873159110246611,63,1.7857971,5.964332,185.03553246719952,-399.6194381788373,-1135.4461269378662,0.592061,-0.17857976257801056,-0.18736381828784943,0.0,0.00659908214583993,0.008784055709838867,119.48718690872192,2.985562801361084
0.15421509742736816,2.4790401458740234,0.06793785095214844,39.36376292942702,5.582487,-1.7653517,-1.4735624,-0.12925008,-7.804981,-4.0803366,0.27788246,47,-416.16209135399464,-647.2938886683007,0.7599268975682564,61,1.7682534,5.8606086,198.12187269540024,-338.3630294203758,-1323.4287006109953,0.587126,-0.1768254041671753,-0.1847122758626938,0.0,0.006755769718438387,0.007886871695518494,122.6036229133606,3.112917184829712
0.13191890716552734,2.089127779006958,0.0515131950378418,40.65591690377427,5.849747,-1.7683735,-1.4610415,0.055681147,-7.5538654,-3.896596,0.27479562,48,-423.4169156491832,-662.4366704316869,0.8698472388553644,62,1.7572442,5.7964416,217.0152010946538,-355.71885630488396,-1265.2572720050812,0.58475494,-0.17572443187236786,-0.19103260338306427,0.0,0.009349877014756203,0.015308171510696411,125.20981001853943,2.6006250381469727
0.12695980072021484,2.0153322219848633,0.047537803649902344,42.98517186458767,5.3465977,-1.7199938,-1.4028101,-0.3691576,-7.685553,-3.9370365,0.29691914,49,-370.3174448928888,-607.0975237501965,0.22774251078407193,62,1.7271848,5.6247964,292.1214735697951,-286.91202744841576,-2313.078554458916,0.57627076,-0.17271845042705536,-0.17897866666316986,0.0,0.009921635501086712,0.006260216236114502,127.72169017791748,2.506423234939575
0.12879705429077148,1.9430997371673584,0.047678470611572266,39.06477663202658,5.5547757,-1.6984779,-1.3819664,-0.49326533,-7.5011954,-3.7023363,0.26627216,50,-387.668914353539,-614.5838670507073,0.6037287013541217,64,1.7019792,5.4847918,177.3680853530688,-345.3188493847847,-1125.434071779251,0.5686609,-0.1701979637145996,-0.17913062870502472,0.0,0.006636802107095718,0.00893266499042511,130.1947259902954,2.4682657718658447
0.13161444664001465,1.9503779411315918,0.04703688621520996,31.29007087487587,5.8231196,-1.663202,-1.3483137,-0.47861773,-7.309224,-3.5785747,0.28902063,51,-427.4181542452751,-668.3438426005023,0.9034739564953613,62,1.673287,5.329658,192.2610468109078,-388.42661023139954,-1181.0566079616547,0.561181,-0.16732868552207947,-0.17490598559379578,0.0,0.006600302644073963,0.007577300071716309,132.65009307861328,2.4479269981384277
0.12844085693359375,2.0113065242767334,0.0474245548248291,43.631378552343925,6.041632,-1.6176604,-1.309054,-0.0666073,-7.5806813,-3.6674252,0.2645913,52,-447.13799907045126,-689.5132374264418,0.8471505451010255,63,1.6227182,5.0668445,218.8690275930887,-268.23103642463684,-1305.0981285572052,0.54708004,-0.16227179765701294,-0.1690947562456131,0.0,0.0065748062916100025,0.006822958588600159,135.172532081604,2.517664909362793
0.13193726539611816,2.1874940395355225,0.052274465560913086,37.20866876456655,5.747073,-1.5967392,-1.3162043,0.18957351,-8.019511,-3.8744235,0.2807014,53,-409.9512306827256,-663.7398133453776,0.857277875769074,61,1.5862086,4.885192,197.98442788450828,-380.62067410349846,-1287.5265146493912,0.5380158,-0.15862086415290833,-0.16330651938915253,0.0,0.006534490268677473,0.004685655236244202,137.92467212677002,2.7473816871643066
0.15004777908325195,2.2991151809692383,0.05619549751281738,35.93890671355361,5.4217854,-1.5317916,-1.216378,-0.63826853,-8.375876,-4.0293903,0.28036702,54,-387.260068227888,-626.97167586694,0.8495813332374338,61,1.5397328,4.663344,213.86562172397595,-293.67389154434204,-1221.4886379241943,0.52590173,-0.1539732664823532,-0.16025693714618683,0.0,0.006656784564256668,0.006283670663833618,140.80270910263062,2.8721721172332764
0.14867329597473145,2.566166877746582,0.0722510814666748,45.55563576743034,5.276477,-1.4935948,-1.1892827,0.49803486,-8.652953,-4.1374397,0.29763448,55,-368.71517775641473,-600.0107663886415,0.8584483269547843,63,1.501066,4.486469,196.7412170521648,-299.9023295044899,-1118.1081983596087,0.51564485,-0.15010662376880646,-0.16168031096458435,0.0,0.009670177474617958,0.011573687195777893,143.96803784370422,3.160484790802002
0.14520549774169922,2.4609487056732178,0.056113481521606445,44.655636271910055,5.30347,-1.4814582,-1.1948211,-0.6053024,-8.722575,-4.2063622,0.28628933,56,-381.0077718943095,-602.2004793511043,0.8581977772149869,62,1.4838268,4.4097886,217.38791385207057,-277.86499521136284,-1341.4538044929504,0.5120446,-0.14838270843029022,-0.1587984412908554,0.0,0.0066017648205161095,0.010415732860565186,147.1990180015564,3.225559711456299
0.14830279350280762,2.5584027767181396,0.05489015579223633,42.45786121812101,5.034209,-1.458007,-1.1546714,-1.0054091,-8.755732,-4.1894493,0.29891244,57,-360.7340852725228,-586.8567594082141,0.8823310342444093,61,1.4576399,4.2958093,206.31164493808615,-302.7038187533617,-1180.02521276474,0.50547945,-0.14576396346092224,-0.151106595993042,0.0,0.006750866305083036,0.005342632532119751,150.35201215744019,3.142518997192383
0.1497364044189453,2.589298963546753,0.0642693042755127,46.79402285190242,4.601607,-1.3926189,-1.0823611,0.054187134,-8.716546,-4.0820427,0.30188605,58,-321.0774007419947,-533.5637998934234,0.5425284218551496,62,1.4149895,4.116443,199.39993978256766,-259.349449634552,-1117.3961770534515,0.49618793,-0.14149896800518036,-0.1441071480512619,0.0,0.006710926536470652,0.002608180046081543,153.5186140537262,3.1621413230895996
0.14352822303771973,2.1530072689056396,0.05012774467468262,46.42320058715148,4.8687005,-1.3750951,-1.06393,-0.038668897,-8.752817,-3.9703374,0.3157294,59,-356.7223012612522,-573.4517106972635,0.7944334079988359,60,1.3661821,3.9203546,169.3312428047744,-305.39929327368736,-929.1515657901764,0.48480615,-0.13661818206310272,-0.14747630059719086,0.0,0.006479388102889061,0.010858118534088135,156.21112704277039,2.6872689723968506
0.1389472484588623,2.242480516433716,0.05159878730773926,43.54137433430783,5.2258096,-1.3896565,-1.0842786,-0.13657783,-8.615781,-3.880992,0.29607782,60,-371.71486831555796,-616.9068460377554,0.7511636265274503,60,1.373962,3.9509737,232.41665207272206,-301.4442256093025,-1323.8954660892487,0.48661762,-0.1373961716890335,-0.14951136708259583,0.0,0.00996469333767891,0.012115195393562317,159.0938959121704,2.8775320053100586
0.14467573165893555,2.252136707305908,0.052978515625,45.66038237835514,4.99399,-1.3886065,-1.0689273,0.6906368,-9.150649,-4.262462,0.30045164,61,-337.41306889665816,-568.6705063981635,0.4220626403486928,62,1.3687782,3.9305456,235.2545531787251,-313.2185529470444,-1730.606813378632,0.4846517,-0.1368778795003891,-0.15293724834918976,0.0,0.009298529475927353,0.01605936884880066,161.89373111724854,2.792271852493286
0.1328444480895996,2.0276834964752197,0.051181793212890625,43.319255011650604,4.876376,-1.3655344,-1.0667582,-0.51878166,-9.632208,-4.597275,0.29962426,62,-344.70054608664776,-559.9967403010495,0.7738170349870406,62,1.369175,3.9321053,193.91029673152016,-261.87428956478834,-1004.0098553597927,0.48450685,-0.13691756129264832,-0.13878373801708221,0.0,0.006733743939548731,0.001866176724433899,164.48314905166626,2.581709146499634
0.1704103946685791,2.60996413230896,0.06448936462402344,46.437651395649226,4.87044,-1.2990153,-0.987499,0.5909472,-9.909786,-4.60215,0.30232474,63,-340.8077890386322,-567.6856413747444,0.7142936760055393,61,1.297125,3.6587625,191.56450421419663,-336.87002897262573,-1137.6678919792175,0.46783963,-0.1297125518321991,-0.13263598084449768,0.0,0.0067522162571549416,0.002923429012298584,167.69433188438416,3.2061681747436523
0.14043426513671875,2.128758430480957,0.052422523498535156,43.590669008952304,5.3853188,-1.2465278,-0.95725596,-0.18710755,-10.50194,-4.8130903,0.27800143,64,-382.07238174507245,-616.4506985929329,0.8504502947194889,64,1.2490662,3.4870853,207.64748842943314,-286.1496539413929,-1147.827996969223,0.45584106,-0.12490658462047577,-0.1366695761680603,0.0,0.0099033797159791,0.011762991547584534,170.36729288101196,2.6677918434143066
0.12910890579223633,2.059128522872925,0.04690289497375488,49.92246358189419,4.9473763,-1.248135,-0.9406446,0.83978933,-10.099637,-4.5222454,0.3074638,65,-343.94796826495536,-573.0179053420021,0.5098766553562828,62,1.2403058,3.4566703,200.21973475984447,-288.19127452373505,-1215.5828111767769,0.4550523,-0.12403057515621185,-0.13496612012386322,0.0,0.009878646582365036,0.010935544967651367,173.00761008262634,2.6354358196258545
0.15956521034240723,2.2287514209747314,0.05268287658691406,42.725500700416156,5.113549,-1.254272,-0.94845736,-0.2661707,-10.549669,-4.863451,0.28814936,66,-371.7269803434861,-591.0273611939723,0.8189841376326983,62,1.2471077,3.4802625,192.53739901133386,-280.5978464782238,-988.546140909195,0.456048,-0.124710813164711,-0.13109815120697021,0.0,0.006569833029061556,0.006387338042259216,175.87078404426575,2.8539156913757324
0.17254900932312012,2.828361749649048,0.07632207870483398,44.818031463271375,5.0522685,-1.204572,-0.90320575,-0.35067636,-10.904625,-4.8781176,0.29331642,67,-351.12654853611485,-566.816409898774,0.8382491264399141,63,1.206834,3.342884,208.3080365562904,-311.2688635587692,-1323.6299748420715,0.44676304,-0.12068342417478561,-0.12772125005722046,0.0,0.006625765468925238,0.007037825882434845,179.36335015296936,3.486661195755005
0.15990900993347168,2.5070526599884033,0.06210756301879883,40.42582277385944,4.8097916,-1.1547376,-0.8416688,-0.74110645,-11.263389,-4.969955,0.27230543,68,-340.48674927001673,-555.8857029305129,0.8454350445212451,61,1.1588819,3.1863687,198.47362042334578,-290.1412324011326,-1211.2094507217407,0.43584886,-0.11588815599679947,-0.12089429795742035,0.0,0.0064966133795678616,0.00500614196062088,182.4940218925476,3.1245510578155518
0.15059161186218262,2.344315767288208,0.056517839431762695,46.219820225611535,4.6679087,-1.1237519,-0.80933744,-0.7890039,-11.926645,-5.223949,0.30513084,69,-343.7172246020321,-543.5435222580296,0.7721840472684999,61,1.1156776,3.0516353,180.22553030638,-247.4461716413498,-964.5912506580353,0.42638043,-0.11156774312257767,-0.12262056022882462,0.0,0.006470035295933485,0.011052817106246948,185.37791991233826,2.877899646759033
0.1337876319885254,1.9954004287719727,0.051221370697021484,44.8745527307589,4.486091,-1.0998119,-0.7940944,-0.97398055,-11.581426,-5.0696263,0.29345846,70,-312.49670044132046,-508.0676397878736,0.8180757601123125,63,1.1060055,3.0222619,165.91391219683015,-244.86127196997404,-1001.1939507722855,0.42550436,-0.1106005385518074,-0.1181812584400177,0.0,0.006644130684435368,0.007580719888210297,187.9026370048523,2.5186638832092285
0.13422346115112305,2.0736348628997803,0.049611568450927734,47.95718562211276,4.4348755,-1.065011,-0.7708323,-0.9983094,-11.447769,-4.96785,0.3026658,71,-324.4313850563196,-522.4429055850526,0.8378134945513787,61,1.0785582,2.940437,196.13426022317577,-242.93972542881966,-1050.8665788173676,0.4216597,-0.10785581916570663,-0.10945544391870499,0.0,0.00660124234855175,0.001599624752998352,190.49209022521973,2.584792137145996
0.13443875312805176,2.0276310443878174,0.04677152633666992,45.31862190857493,4.1604667,-1.0165062,-0.68841034,-1.2744473,-12.125712,-5.1846757,0.31544197,72,-301.2649520748627,-474.76293450065197,0.8511330943012724,62,1.0102606,2.7463167,134.8668007198497,-258.827349871397,-778.1075346469879,0.40770456,-0.10102604329586029,-0.10523590445518494,0.0,0.006613796576857567,0.004209861159324646,193.0570571422577,2.5594968795776367
0.12607693672180176,1.9847910404205322,0.04780292510986328,46.92017672083192,4.141899,-0.94776624,-0.63926125,-0.44297618,-12.644034,-5.3914356,0.2979706,73,-291.1536897733288,-476.58998578176147,0.7591733954094595,61,0.94367415,2.5694044,137.09722890265837,-253.14577659219503,-862.8998641371727,0.3949012,-0.09436742961406708,-0.10150183737277985,0.0,0.006591037847101688,0.0071344077587127686,195.54499316215515,2.4832828044891357
0.13816046714782715,2.140183925628662,0.047907352447509766,49.102708125790805,4.6607738,-0.9411599,-0.6408828,0.7646298,-12.649355,-5.3811154,0.30674842,74,-334.3030496176229,-555.8959664793338,0.5037820068625631,59,0.9343434,2.5455415,207.72257988300933,-282.56407767534256,-1434.9795481413603,0.39396727,-0.09343434125185013,-0.10841688513755798,0.0,0.009758446365594864,0.014982543885707855,198.19639801979065,2.6435651779174805
0.12983441352844238,2.0296435356140137,0.048829078674316406,45.853078700054546,4.602223,-0.9553307,-0.6410803,-0.49804357,-13.065339,-5.6692038,0.3080923,75,-330.3556003668951,-538.4600738229851,0.7962561099846511,60,0.95061415,2.5872982,188.33081250849108,-299.8554789274931,-1204.7573001384735,0.3977757,-0.09506142139434814,-0.10176379978656769,0.0,0.006631353870034218,0.0067023783922195435,200.73314785957336,2.5300421714782715
0.1345844268798828,2.0355641841888428,0.04854178428649902,48.09671492465554,4.8928933,-0.9055116,-0.5979972,-0.12220527,-13.40657,-5.84222,0.29567355,76,-351.097933090679,-569.9819388384702,0.8518943553005639,61,0.9119798,2.489246,191.60184586957237,-308.8163993358612,-1183.488196849823,0.39160204,-0.09119798988103867,-0.09493367373943329,0.0,0.006606166251003742,0.003735683858394623,203.27192091941833,2.534019947052002
0.12657809257507324,1.9105076789855957,0.04982495307922363,47.60564317824348,4.460841,-0.87476724,-0.56585884,-0.6841001,-14.042941,-6.085306,0.28949496,77,-315.0670358149112,-512.0460941361599,0.8273938777970197,61,0.8569183,2.3558893,219.41075121979696,-226.71157282590866,-1390.0731995105743,0.38129067,-0.08569183945655823,-0.09338968247175217,0.0,0.009819847531616688,0.007697843015193939,205.68335795402527,2.4066290855407715
0.133026123046875,2.0289478302001953,0.05002903938293457,46.54564761456935,4.2713842,-0.81776166,-0.52067655,-0.17438307,-14.6208105,-6.3355947,0.30010504,78,-312.1606083400855,-497.61630441056144,0.7582922110882535,62,0.8195352,2.2694447,161.82568832881117,-284.03490686416626,-988.9222357273102,0.37385347,-0.0819535180926323,-0.09961212426424026,0.0,0.00962129607796669,0.01765860617160797,208.2559859752655,2.5678510665893555
0.13592219352722168,2.048917770385742,0.0499417781829834,49.05721629987477,4.504137,-0.874047,-0.5712391,0.47705814,-13.757659,-5.949401,0.3010192,79,-323.8092914399285,-537.1933850129445,0.6598260341358914,60,0.87046057,2.3880105,178.68057566280123,-303.3640074133873,-1071.1123425662518,0.3836871,-0.0870460495352745,-0.09590163081884384,0.0,0.0064821140840649605,0.008855581283569336,210.81641101837158,2.55472469329834
0.12907862663269043,1.999772071838379,0.04902768135070801,46.82103531399553,4.3370414,-0.8689408,-0.55814976,0.066858344,-14.43456,-6.330512,0.2973047,80,-309.94757175286725,-506.9441663589208,0.863578029508868,62,0.85510486,2.351621,178.713219149666,-260.050222620368,-982.7399830818176,0.38090917,-0.0855104923248291,-0.09300898760557175,0.0,0.006529749371111393,0.007498495280742645,213.33200216293335,2.5107221603393555
0.129258394241333,2.0070607662200928,0.04859566688537598,44.991709644876565,4.3194947,-0.8170839,-0.5149554,-0.12425913,-15.299552,-6.6040983,0.28576595,81,-303.95034623138145,-506.4430884235218,0.8569350920468234,61,0.8243647,2.2804315,178.35440058722443,-264.20112796127796,-927.8517191410065,0.37387535,-0.0824364423751831,-0.0885421633720398,0.0,0.0065437243320047855,0.0061057209968566895,215.8468029499054,2.5097570419311523
0.1355752944946289,2.206127882003784,0.04952239990234375,50.561764976609034,4.403977,-0.7743923,-0.45855767,0.07009016,-15.748722,-6.859071,0.29039815,82,-310.75592960549875,-519.8894884566466,0.6247134101152727,60,0.7818047,2.1854126,216.23742912423813,-223.6609410047531,-1148.2456369400024,0.36666393,-0.0781804695725441,-0.08359888941049576,0.0,0.006714517716318369,0.00541841983795166,218.58929300308228,2.7365550994873047
0.13184833526611328,2.052149772644043,0.04832720756530762,47.04741640208502,4.4656763,-0.7564713,-0.44039732,-0.14502335,-16.110647,-6.952197,0.3115001,83,-321.88011515274206,-522.781824948887,0.8411802436256948,60,0.734738,2.0849357,188.54314836428753,-267.777840167284,-1090.365613937378,0.3578295,-0.07347379624843597,-0.08336115628480911,0.0,0.006673423573374748,0.009887360036373138,221.15595698356628,2.5609841346740723
0.16753816604614258,2.982161045074463,0.05898237228393555,48.01922546326953,4.2326865,-0.68806255,-0.3878352,-0.6159174,-16.4174,-7.0726213,0.29009226,84,-308.56909320715937,-501.26111969791475,0.8337641217546226,61,0.7203691,2.0551918,191.17684296864235,-221.64419209957123,-1105.786409854889,0.35634372,-0.07203689217567444,-0.0812222957611084,0.0,0.006533535197377205,0.00918540358543396,224.7868869304657,3.6261422634124756
0.15586304664611816,2.4512293338775635,0.05791807174682617,47.471309229235864,3.842496,-0.7065406,-0.40599164,-0.70506877,-16.325544,-6.946893,0.28866583,85,-274.7378948257979,-446.54841341053856,0.8062003109111415,61,0.7110291,2.0360856,157.27908156871027,-209.80031989514828,-983.2080562114716,0.35521615,-0.07110297679901123,-0.07745091617107391,0.0,0.006703979801386595,0.006347939372062683,227.8659429550171,3.0743298530578613
0.13979506492614746,2.1471691131591797,0.052840471267700195,45.830709099103856,3.7929506,-0.7088482,-0.39838013,-0.929484,-16.484737,-6.952817,0.30880523,86,-270.68200978616903,-447.6313848455747,0.817568696101987,60,0.6854855,1.9847351,174.45444174547436,-224.51634550094604,-1140.5511894226074,0.35127068,-0.06854856014251709,-0.07677014917135239,0.0,0.006457505282014608,0.008221589028835297,230.53902316093445,2.6674959659576416
0.1461336612701416,2.3586103916168213,0.055092811584472656,45.659115165597406,4.4723773,-0.6776955,-0.35791674,-0.19568588,-16.557064,-6.988357,0.27106103,87,-322.2606881746002,-522.522744089365,0.7989906247699061,60,0.6713399,1.9568576,215.45054028194525,-290.78387504816055,-1109.4974994659424,0.34983334,-0.06713397800922394,-0.0739322081208229,0.0,0.006610874552279711,0.0067982301115989685,233.4788842201233,2.9348020553588867
0.14014291763305664,2.216670036315918,0.05192446708679199,45.33784756930015,3.96233,-0.6600562,-0.35440302,0.48932558,-17.142357,-7.220104,0.30254552,88,-272.9381375624384,-459.5003914847726,0.6141947202890221,61,0.64221144,1.9006795,111.17512907040825,-251.70600193738937,-796.3814992904663,0.34428748,-0.06422113627195358,-0.07123090326786041,0.0,0.006712762638926506,0.00700976699590683,236.290030002594,2.804593086242676
0.12968015670776367,1.9544017314910889,0.04880833625793457,47.14540602407194,4.120449,-0.6087717,-0.29765,0.14990704,-17.73138,-7.5023956,0.29498628,89,-291.6975473227242,-490.0540649022086,0.7559740151221386,59,0.60677516,1.8345059,191.00007159290544,-246.00347293913364,-1096.2810645103455,0.33692804,-0.060677532106637955,-0.07376249879598618,0.0,0.009758256375789642,0.01308496668934822,238.83295583724976,2.539238929748535
0.1632084846496582,2.557494878768921,0.056612253189086914,47.13392155927552,4.0297184,-0.6262754,-0.3205873,0.65523255,-17.226572,-7.2174506,0.29416814,90,-280.41408357209747,-486.76222220165977,0.5908364275168629,58,0.61724436,1.8538126,173.59023177912397,-264.2844562828541,-1211.1388530731201,0.33923623,-0.06172443553805351,-0.07217609882354736,0.0,0.009637433104217052,0.01045166328549385,241.93215990066528,3.0932648181915283
0.13598251342773438,2.3757498264312744,0.051961421966552734,50.515293776430156,4.0422063,-0.6296992,-0.33978614,0.087489404,-16.784029,-7.0354004,0.29582414,91,-287.4733605675643,-464.1248160248897,0.8130381779953584,61,0.64193535,1.9001548,186.90526170836407,-236.43614184856415,-1027.0169699192047,0.34439126,-0.06419350206851959,-0.073756143450737,0.0,0.0064167445525527,0.009562641382217407,244.87311792373657,2.9358580112457275
0.1389930248260498,2.2722339630126953,0.05446171760559082,47.96936929156248,4.264195,-0.61525935,-0.32937843,-0.054116387,-16.355816,-6.8064995,0.28968182,92,-293.64176975205964,-492.40964882393354,0.7828007385369873,61,0.6470427,1.9098843,191.6153904470517,-251.32427102327347,-1285.698028087616,0.34567887,-0.06470426917076111,-0.07280305027961731,0.0,0.006632233504205942,0.008098781108856201,247.7034990787506,2.8258938789367676
0.14048099517822266,2.200545072555542,0.052289485931396484,48.76788277573871,4.051407,-0.6524287,-0.32725126,-0.41438785,-16.37285,-6.8127155,0.29919145,93,-295.13303269451103,-466.90803183639633,0.8133279120567442,61,0.64330375,1.9027567,149.24899965903197,-227.39642000198364,-998.0530261993408,0.34495312,-0.06433036178350449,-0.06893804669380188,0.0,0.006592331454157829,0.004607684910297394,250.47904801368713,2.770941972732544
0.1336815357208252,2.063904047012329,0.048993825912475586,47.13022171748896,4.0445457,-0.6248942,-0.31483746,-0.047333833,-16.525484,-6.8218565,0.3125434,94,-282.2383592890797,-482.4663718524626,0.27760429029763156,59,0.6176315,1.8545303,202.18471328708847,-240.58784914016724,-1438.6724903583527,0.3405493,-0.06176311895251274,-0.06229015439748764,0.0,0.0027765557169914246,0.0005270354449748993,253.06652903556824,2.581326961517334
0.1597745418548584,2.3368518352508545,0.07164907455444336,44.84262490959078,4.0204577,-0.59344214,-0.29606414,-0.11925907,-17.191792,-7.1152086,0.28754714,95,-275.00575631062407,-464.7253639993609,0.7698013216829713,61,0.5884902,1.8012668,209.92236745219563,-271.0095714330673,-1133.6753363609314,0.33536315,-0.058849036693573,-0.0714973732829094,0.0,0.00652421684935689,0.012648336589336395,256.015319108963,2.943295955657959
0.1575794219970703,2.435969352722168,0.05596756935119629,45.815408068580965,3.5354192,-0.5611286,-0.26102105,0.13237524,-18.277534,-7.691374,0.3054894,96,-242.16957023353234,-415.58853079477944,0.4705124550426143,60,0.5723472,1.7724224,129.44839966694232,-253.29378521442413,-806.7534587979317,0.33345157,-0.0572347566485405,-0.07200972735881805,0.0,0.009703404270112514,0.014774970710277557,259.1469020843506,3.1258039474487305
0.14463472366333008,2.4872896671295166,0.0671393871307373,48.63156380047082,3.8836339,-0.5973735,-0.272867,-0.5113231,-18.105797,-7.744335,0.2930365,97,-262.28549871225704,-445.98122202153087,0.70962977069119,61,0.6028594,1.8273364,161.70114336659927,-228.59438015520573,-975.1303482055664,0.33926538,-0.06028591841459274,-0.06646149605512619,0.0,0.0069131916388869286,0.006175577640533447,262.2179751396179,3.064556121826172
0.1522061824798584,2.526609420776367,0.06094074249267578,50.700961431419096,3.4842,-0.5407771,-0.22728899,-0.42948374,-18.759657,-7.9916835,0.28298283,98,-249.1798999624506,-413.7930088348813,0.6457381713264576,59,0.55682933,1.7451305,132.16254458553004,-185.21752907335758,-837.1693343669176,0.3314499,-0.05568288639187813,-0.06017836183309555,0.0,0.00671661552041769,0.0044954754412174225,265.2788989543915,3.0557150840759277
0.13505077362060547,2.167752981185913,0.05461239814758301,53.11656497570042,4.1867256,-0.5370802,-0.22711113,-0.17238446,-19.39111,-8.3414135,0.27942082,99,-285.06737044873654,-495.84788782596587,0.35340301410760666,60,0.52885354,1.6969856,255.40811196477972,-233.2771835923195,-1471.799609810114,0.32658437,-0.052885353565216064,-0.061389319598674774,0.0,0.009711570106446743,0.00850396603345871,267.95861983299255,2.6739161014556885
0.13520240783691406,2.115934133529663,0.051503658294677734,48.857752270472034,3.6778014,-0.5508534,-0.2423724,-0.1528263,-18.758259,-7.95521,0.2900402,100,-251.9261447713158,-430.057604410996,0.5890047974327732,60,0.5386834,1.713749,151.5928964758464,-206.69979420304298,-868.7904920578003,0.32871264,-0.053868331015110016,-0.0689428374171257,0.0,0.009769781492650509,0.015074506402015686,270.6333179473877,2.668739080429077
0.13576459884643555,2.1116716861724854,0.04924774169921875,47.532029868754215,3.5368388,-0.5575481,-0.2566915,-0.00329834,-19.325796,-8.446627,0.29883298,101,-249.63151235554744,-414.9301720286409,0.732292562716707,60,0.5527762,1.7380716,134.77823596480104,-230.17218855023384,-897.3282957077026,0.33168754,-0.055277612060308456,-0.059750236570835114,0.0,0.006719051394611597,0.004472624510526657,273.25765895843506,2.6195249557495117
0.13417935371398926,2.0576443672180176,0.050521135330200195,48.90120086778801,3.8609636,-0.4971529,-0.19737941,0.29160297,-20.21246,-8.837019,0.28783253,102,-274.6231209321672,-459.45464327037337,0.8033492810485955,60,0.4988327,1.6467979,140.75207839480382,-212.53751084208488,-859.2624578475952,0.32290784,-0.04988325387239456,-0.06905447691679001,0.0,0.009695248678326607,0.019171223044395447,275.90745306015015,2.643399238586426
0.13753938674926758,2.2502427101135254,0.052428245544433594,52.5558293897256,3.8981705,-0.48746005,-0.18735674,0.5033972,-20.275925,-8.792435,0.294958,103,-267.1534979743188,-471.8802646902101,0.3803016795583539,58,0.49899194,1.64706,189.43303459256927,-253.75057819485664,-1178.7671189308167,0.32320318,-0.04989916458725929,-0.06023780629038811,0.0,0.006430426612496376,0.010338641703128815,278.7135360240936,2.799450159072876
0.13412213325500488,2.124171018600464,0.04971480369567871,53.08822969177459,3.8623736,-0.5115585,-0.2073872,-0.18000405,-20.315332,-8.82876,0.29203296,104,-278.9844813445835,-460.66989253183544,0.6513227102977392,59,0.50362974,1.6547166,213.9330434657706,-176.70018176734447,-1078.230981349945,0.3237341,-0.05036298558115959,-0.06652283668518066,0.0,0.009517693892121315,0.016159851104021072,281.3563230037689,2.6356189250946045
0.13773202896118164,2.1810684204101562,0.050908803939819336,46.684899685256646,3.90801,-0.5016166,-0.20213717,-0.07403112,-20.021923,-8.705526,0.2835984,105,-274.36073134848533,-457.1069014837345,0.7659511250439803,60,0.5140486,1.6720469,159.81691508034535,-249.5454672574997,-1000.1496238708496,0.32648948,-0.051404863595962524,-0.06301052123308182,0.0,0.009826733730733395,0.011605657637119293,284.1031060218811,2.7410330772399902
0.1687943935394287,2.670975923538208,0.0657510757446289,46.43295841749639,4.3060794,-0.513022,-0.20996742,0.18917188,-20.45927,-8.820725,0.2821558,106,-298.1106662884787,-505.8926179612676,0.8271753053055602,60,0.5185422,1.6795774,223.1553029538527,-256.4036835730076,-1241.7032465934753,0.32658228,-0.051854200661182404,-0.06524019688367844,0.0,0.009769928641617298,0.013385996222496033,287.3791980743408,3.270554780960083
0.13786983489990234,2.2153384685516357,0.05365395545959473,49.819365557156445,3.6853046,-0.53764373,-0.21669406,-0.27305502,-19.34818,-8.361424,0.3052428,107,-258.4545488251792,-431.6720121661822,0.5833022113088381,60,0.5596992,1.7501459,141.7964337329081,-178.35010105371475,-784.7769265174866,0.33290645,-0.055969953536987305,-0.06399821490049362,0.0,0.0067796846851706505,0.008028261363506317,290.1566250324249,2.771311044692993
0.14796876907348633,2.3758654594421387,0.055428266525268555,45.91803126308219,3.4367638,-0.50678265,-0.20603856,-0.0060213623,-19.519667,-8.479085,0.29835963,108,-234.41643307151546,-400.9557648437719,0.8213150063716045,60,0.5251626,1.6907337,114.12199209246343,-233.27858582139015,-727.5078629851341,0.32740572,-0.05251624062657356,-0.06453197449445724,0.0,0.00654551200568676,0.012015733867883682,293.1165540218353,2.955491304397583
0.14712166786193848,2.4553189277648926,0.05773663520812988,46.59135375967976,3.5015275,-0.5244232,-0.2201784,0.14838882,-19.197397,-8.406883,0.3196777,109,-235.64605069843836,-407.2678235940269,0.7587874569742783,61,0.52459145,1.6897683,135.1684064458238,-228.51512549817562,-1061.8122515678406,0.32801366,-0.05245912820100784,-0.05879535153508186,0.0,0.0065557220950722694,0.00633622333407402,296.1140830516815,2.9916000366210938
0.14093351364135742,2.2036380767822266,0.05353546142578125,45.31944427021355,3.4993296,-0.4918974,-0.16959485,-0.20711255,-19.802732,-8.633759,0.29436734,110,-251.88695177917398,-414.5845025027873,0.8004778149981182,61,0.48678648,1.6270791,120.18646009730297,-240.6608149409294,-733.0937657356262,0.32081956,-0.04867864400148392,-0.05518444627523422,0.0,0.006558290682733059,0.006505802273750305,298.9286069869995,2.8090717792510986
0.16194963455200195,2.495772123336792,0.05518913269042969,49.18979028432587,3.6103928,-0.46988204,-0.15988812,0.6384119,-20.030424,-8.839054,0.30230045,111,-245.73846574350043,-421.3930017684897,0.5163120686397089,60,0.46947148,1.5991488,136.75659795174082,-240.42591407895088,-962.43881341815,0.31861186,-0.046947166323661804,-0.05539761111140251,0.0,0.006546407472342253,0.008450444787740707,302.00281500816345,3.066533088684082
0.1600337028503418,2.4400298595428467,0.05518078804016113,49.518091202425744,3.6377215,-0.46444088,-0.15551816,0.2562138,-20.647736,-9.027235,0.30282372,112,-247.65367920596594,-421.2129424406636,0.731217642676468,62,0.45959333,1.5834299,142.69816326244666,-231.8419104218483,-809.5163283348083,0.31550273,-0.04595932364463806,-0.057211197912693024,0.0,0.009857887402176857,0.011251874268054962,305.059650182724,3.05084490776062
0.14603424072265625,2.4171743392944336,0.05799746513366699,48.34763279500655,3.7835917,-0.4479561,-0.13780531,0.49141172,-19.730555,-8.681275,0.28035966,113,-267.2504100615313,-448.35564557065567,0.8436619780690084,60,0.4620619,1.5873436,206.20857533333643,-229.5396616011858,-1292.3766767978668,0.31956822,-0.04620622470974922,-0.05166925489902496,0.0,0.006426007952541113,0.005463030189275742,308.10163497924805,3.035259962081909
0.142747163772583,2.5708580017089844,0.05973553657531738,51.425400206066264,3.8773384,-0.4393129,-0.13136017,0.091197714,-20.168217,-8.907454,0.29818553,114,-274.3131220305225,-444.5180639610175,0.7890029481857074,62,0.431294,1.539248,197.34935418319725,-153.8921791166067,-1282.963608264923,0.3153239,-0.04312939569354057,-0.05682002007961273,0.0,0.006465007085353136,0.013690624386072159,311.270455121994,3.164048910140991
0.14753293991088867,2.436300039291382,0.057256460189819336,48.506282283794675,3.6876864,-0.42974514,-0.13219291,1.156833,-20.179178,-8.843489,0.29655036,115,-246.23938936631,-434.71676825260124,0.39146646652133066,60,0.4414104,1.5548987,179.355359181435,-203.45672629773617,-1111.704598248005,0.31691366,-0.044141028076410294,-0.051983535289764404,0.0,0.009574059396982193,0.00784250721335411,314.2733271121979,2.997986078262329
0.1529695987701416,2.455087184906006,0.07732582092285156,48.26386827146403,3.385836,-0.44157612,-0.13525546,0.25817862,-19.940687,-8.741201,0.30635312,116,-236.57923278911437,-394.92167294904834,0.5787793490693134,61,0.44750264,1.5644004,116.2330527541091,-238.53717973828316,-777.9603190124035,0.31620413,-0.04475024342536926,-0.05535666644573212,0.0,0.006587295792996883,0.010606423020362854,317.36437821388245,3.0852150917053223
0.1581270694732666,2.637023687362671,0.057141780853271484,50.19868778134808,3.6580834,-0.43713844,-0.13936,0.044996694,-20.035992,-8.7956085,0.28468573,117,-257.4725345943271,-434.0925592718025,0.8183286908642422,60,0.43883154,1.550894,157.082132893234,-207.8284886777401,-810.3208055496216,0.31394872,-0.04388320446014404,-0.049117449671030045,0.0,0.006412603426724672,0.005234245210886002,320.58726501464844,3.2169768810272217
0.146681547164917,2.311109781265259,0.060570716857910156,48.042022824546805,3.3204222,-0.41380662,-0.11687798,-0.090097584,-20.332346,-8.971748,0.29165,118,-233.16993399524011,-394.96424470618365,0.5391976552970956,60,0.42382765,1.5277983,82.78509976082748,-226.4243514984846,-589.2894948720932,0.3122741,-0.04238274320960045,-0.057774901390075684,0.0,0.00988821405917406,0.015392158180475235,323.44884300231934,2.856253147125244
0.15818309783935547,2.6360745429992676,0.06656837463378906,57.680844809974595,3.7149642,-0.43593323,-0.13186108,1.2504066,-20.21032,-8.801052,0.29563424,119,-239.01755742810022,-447.6846636321585,0.18222786611737174,59,0.4304466,1.5379442,232.17219453039462,-236.42810291051865,-1301.2850909233093,0.3128825,-0.043044641613960266,-0.055666692554950714,0.0,0.009815916419029236,0.012622050940990448,326.6579749584198,3.204361915588379
0.12827348709106445,1.9948973655700684,0.04938817024230957,49.37507154061245,3.3848143,-0.4313261,-0.11049892,0.13754632,-20.221727,-8.905298,0.2896977,120,-235.258373331997,-390.4547197732233,0.5700325248996176,62,0.43836573,1.5501717,152.44194869855906,-198.75031119585037,-1055.3456873893738,0.31527779,-0.04383658245205879,-0.046690549701452255,0.0,0.006736774928867817,0.002853967249393463,329.22692704200745,2.5626461505889893
0.13927721977233887,2.0948116779327393,0.05091571807861328,49.706474169031054,3.6246629,-0.37554795,-0.0824329,-0.29130808,-20.88995,-9.252152,0.27489257,121,-242.43715890714677,-429.2205118695895,0.7852853857130421,60,0.37889045,1.460663,193.83804695536136,-222.2562159895897,-1139.5931944847107,0.3078384,-0.037889041006565094,-0.04463706538081169,0.0,0.006468102801591158,0.006748024374246597,331.82506489753723,2.5910351276397705
0.12533831596374512,1.8725802898406982,0.04554891586303711,46.646525140585744,3.349829,-0.37030822,-0.06877378,-0.023496881,-22.307898,-9.797548,0.2965226,122,-231.97653348732877,-391.8741174896558,0.4575118130899696,60,0.35561773,1.4270619,126.07760529513804,-239.2375328540802,-849.4722019433975,0.30228975,-0.03556177020072937,-0.0415181890130043,0.0,0.006651502102613449,0.005956418812274933,334.1772108078003,2.3465230464935303
0.14743876457214355,2.2742648124694824,0.05465507507324219,46.1916610992116,3.5215752,-0.32392472,-0.024442933,-0.31737494,-22.535059,-9.801891,0.2807166,123,-253.61009513939987,-420.44028515330814,0.7649226512815746,59,0.32134676,1.3789836,164.36808199048932,-202.39447042346,-991.2385849952698,0.29701275,-0.03213467448949814,-0.04329479858279228,0.0,0.009894492104649544,0.011160124093294144,337.00257420539856,2.8201351165771484
0.15346956253051758,2.531977653503418,0.05818367004394531,48.711870945696866,3.7755895,-0.3374189,-0.020057073,-0.5363525,-22.619953,-9.803434,0.28131258,124,-256.63931967005203,-439.4907844083444,0.7947862367125818,62,0.31904703,1.375816,221.01951389974602,-212.56710623204708,-1185.3329148292542,0.29792997,-0.03190469741821289,-0.04273442551493645,0.0,0.006498902104794979,0.010829728096723557,340.15254616737366,3.1447722911834717
0.14426350593566895,2.2320029735565186,0.05539584159851074,51.982198118415965,3.7183542,-0.3016324,-0.013321003,-0.48289737,-22.855745,-9.889743,0.2855099,125,-260.93388473889945,-436.08372466144016,0.777660451754135,61,0.31826398,1.3747392,192.00984356334263,-217.4077936410904,-1058.5827379226685,0.29717717,-0.03182640299201012,-0.0391809456050396,0.0,0.009846992790699005,0.00735454261302948,342.91034293174744,2.7524030208587646
0.13934993743896484,2.147636890411377,0.05776023864746094,48.5067842812796,3.2503927,-0.28244096,0.011696576,-0.2985345,-23.402815,-10.200009,0.2808503,126,-215.93940263308676,-379.97088784724474,0.5626402195926012,60,0.28347248,1.3277323,127.95639180892394,-252.84945559501648,-873.9325610399246,0.29181352,-0.028347253799438477,-0.03859911859035492,0.0,0.009856846183538437,0.010251864790916443,345.61097288131714,2.6956300735473633
0.15585803985595703,2.6458818912506104,0.06813287734985352,49.83552779457111,3.4209907,-0.28829244,0.020641219,-0.8260287,-23.699604,-10.255346,0.28819057,127,-235.48345015023497,-395.82542379371455,0.7883756579254131,61,0.29119897,1.3380308,147.83732106966352,-198.6153056025505,-914.3535115718842,0.29216522,-0.029119879007339478,-0.03696070611476898,0.0,0.006687086541205645,0.007840827107429504,348.907329082489,3.2910447120666504
0.15668797492980957,2.4622621536254883,0.07079958915710449,48.106416431773354,3.2814715,-0.26905724,0.04068452,-1.1182175,-24.449318,-10.607122,0.279594,128,-221.9732475248478,-385.6276076232394,0.8119999189426852,60,0.27269626,1.3135012,182.87450920395503,-181.20105816423893,-1070.5855169296265,0.2889106,-0.027269603684544563,-0.03513678163290024,0.0,0.006468747276812792,0.007867177948355675,352.0136389732361,3.1016368865966797
0.1797027587890625,2.4623050689697266,0.05543351173400879,51.187853662576764,3.855707,-0.26910943,0.05085526,-0.15861155,-25.012287,-10.804298,0.2675761,129,-266.32628751161394,-457.41537171999613,0.5088326809672616,60,0.256723,1.2926869,234.35604868033704,-202.55950450897217,-1628.1966758966446,0.28582448,-0.025672314688563347,-0.03892013430595398,0.0,0.009893214330077171,0.013247819617390633,355.07859992980957,3.0600991249084473
0.1660454273223877,2.630319833755493,0.0640413761138916,47.81666324338021,3.4237115,-0.262093,0.046665516,-0.3398229,-23.858177,-10.321216,0.26848367,130,-234.64931558106449,-404.5115438034137,0.641749531238995,60,0.26343542,1.3013933,166.56375156039707,-199.0996927022934,-1118.8342733383179,0.2879676,-0.026343561708927155,-0.03490311652421951,0.0,0.006499073933809996,0.008559554815292358,358.52328085899353,3.439889907836914
0.18555736541748047,2.6680829524993896,0.07007360458374023,50.121117861503464,3.3004954,-0.2728364,0.0463102,-0.5257796,-24.23411,-10.536247,0.28280747,131,-221.70073242412337,-382.3164129948518,0.6128696393607767,61,0.25600913,1.2917645,113.82442173100623,-196.46940748393536,-758.5922009646893,0.28729427,-0.025600919499993324,-0.03419332206249237,0.0,0.006412782706320286,0.008592402562499046,361.78312611579895,3.2549800872802734
0.1253805160522461,1.9140746593475342,0.0473170280456543,52.22381186973219,3.380566,-0.24087436,0.06832491,-0.18379831,-24.530865,-10.641821,0.2949261,132,-229.52911245908894,-398.11796119784316,0.6920849412373165,60,0.24848834,1.2820859,156.77866421089607,-195.37063337862492,-966.8311634063721,0.28626552,-0.024848829954862595,-0.0332675576210022,0.0,0.006453592795878649,0.008418727666139603,364.1845681667328,2.3958263397216797
0.13707494735717773,2.0974841117858887,0.04807257652282715,48.91992811183158,3.4511518,-0.25567478,0.040036716,-0.2118791,-25.103401,-10.944523,0.2759379,133,-235.22362076530342,-397.71741553275814,0.7860215325474551,62,0.24150036,1.273158,134.46108698144127,-242.33349686861038,-878.9719508886337,0.28556898,-0.024150032550096512,-0.036110758781433105,0.0,0.009888713248074055,0.011960726231336594,366.7698359489441,2.579843759536743
0.12067532539367676,1.8889763355255127,0.04496932029724121,54.44968296726008,3.4226997,-0.20128062,0.103694215,0.2160854,-25.5064,-11.16687,0.2670327,134,-223.6732602902654,-399.3149518157045,0.5708710334475615,60,0.22507802,1.2524204,137.84041591234208,-185.254812002182,-864.3068857192993,0.28393856,-0.02250780165195465,-0.03526930510997772,0.0,0.009861128404736519,0.012761503458023071,369.2247860431671,2.449209213256836
0.15175747871398926,2.3156731128692627,0.05916118621826172,49.37888136668649,3.5842013,-0.24187095,0.07657933,-0.05442663,-24.307228,-10.6401005,0.26725465,135,-248.77347841481057,-423.8317986160517,0.710454841652702,60,0.23878863,1.2697102,180.47800539397474,-198.53917121887207,-1094.9798040390015,0.28624848,-0.02387886308133602,-0.03175301477313042,0.0,0.00640575448051095,0.007874151691794395,372.07094717025757,2.8399579524993896
0.1307821273803711,1.9472272396087646,0.04988527297973633,50.513849220549815,3.5163987,-0.20502138,0.08986062,0.038345404,-24.603752,-10.779877,0.2741945,136,-240.3988231400685,-412.1680409612714,0.706346754294441,61,0.22350979,1.2504579,114.9896020184465,-245.19801753759384,-961.646733045578,0.2844983,-0.0223509781062603,-0.030088555067777634,0.0,0.0065296730026602745,0.007737576961517334,374.5095479488373,2.4341280460357666
0.1338961124420166,2.054812431335449,0.05034899711608887,50.09893800465222,3.051899,-0.2229462,0.08510328,-0.7337303,-25.293484,-11.370173,0.2670579,137,-199.15398662100077,-351.608283834592,0.7977127685064691,62,0.21460655,1.2393742,118.89882966937427,-192.09695076942444,-767.3904308080673,0.28457007,-0.02146065980195999,-0.02912086434662342,0.0,0.006558487191796303,0.007660204544663429,377.1627378463745,2.6479392051696777
0.12639403343200684,2.0032637119293213,0.046892642974853516,52.25820856040804,3.913257,-0.21890602,0.0890588,-0.41213578,-24.927134,-11.160082,0.26434803,138,-277.7339830461487,-454.450983689701,0.8168697933333108,61,0.21641468,1.2416171,173.45910917323775,-190.60291290283203,-958.9050045013428,0.28493848,-0.021641476079821587,-0.031583864241838455,0.0,0.009909390471875668,0.009942388162016869,379.6418991088867,2.4729957580566406
0.12780022621154785,1.9136090278625488,0.04625725746154785,51.51800097453188,3.171973,-0.1913419,0.112760186,0.31195155,-25.61784,-11.392092,0.28289622,139,-206.75204584234197,-377.04879754390873,0.13124671057852544,61,0.19697574,1.2177145,142.25501313125775,-198.04917669296265,-1037.5409938097,0.28111526,-0.01969756931066513,-0.03261779621243477,0.0,0.009826158173382282,0.012920226901769638,382.0360929965973,2.3869831562042236
0.12618041038513184,1.9013612270355225,0.04721426963806152,50.77816313985612,3.5505068,-0.22928998,0.07348419,-0.123428,-25.806347,-11.490887,0.2726179,140,-240.7515949587305,-411.4513640242522,0.6904535882032181,61,0.22180864,1.2483325,172.23116078956934,-193.44622483849525,-963.8242201805115,0.2840699,-0.022180858999490738,-0.03020641952753067,0.0,0.0064473929814994335,0.008025560528039932,384.4370701313019,2.396293878555298
0.13149046897888184,1.939197063446045,0.04723000526428223,49.825942196675406,3.7368379,-0.20204581,0.11247432,-0.41650978,-26.737238,-11.949755,0.24476823,141,-259.2913618704471,-445.991631586353,0.8491353318430881,60,0.20650576,1.2293748,177.7383984021486,-227.3376047462225,-1031.1091384887695,0.28187037,-0.0206505935639143,-0.03365807980298996,0.0,0.009548196569085121,0.01300748623907566,386.8642439842224,2.4208388328552246
0.1407628059387207,2.234204053878784,0.055443763732910156,51.668553542910324,3.6923552,-0.20682979,0.0957268,-0.60696507,-26.23005,-11.716047,0.2533866,142,-247.49187332108679,-437.6671360601982,0.8374576971885636,60,0.22343113,1.2503595,180.55160157030633,-194.9856480360031,-1010.0691657066345,0.28417364,-0.02234313078224659,-0.03114784136414528,0.0,0.006484557408839464,0.00880471058189869,389.71922993659973,2.8496930599212646
0.16562604904174805,2.681396484375,0.07064628601074219,48.166638694777696,3.6235385,-0.20697364,0.105072334,0.5271365,-27.044065,-12.200438,0.27724296,143,-248.91994786874133,-435.30775621483724,0.7531552809691303,60,0.20741965,1.2304988,187.12261194208926,-183.2346753180027,-1081.4246587753296,0.28133613,-0.02074195258319378,-0.027346303686499596,0.0,0.006418200209736824,0.006604351103305817,392.9783010482788,3.250502109527588
0.13284730911254883,2.099680185317993,0.06229805946350098,51.145340772419736,3.3742208,-0.20011885,0.100494504,0.11133076,-26.998457,-12.123722,0.2686407,144,-224.17963712931066,-388.4226051297833,0.5805288219013706,61,0.19933309,1.2205884,110.05262246992265,-243.39349550008774,-673.4451959133148,0.2799508,-0.0199333094060421,-0.023659588769078255,0.0,0.006679570768028498,0.0037262793630361557,395.5915620326996,2.6083168983459473
0.13347172737121582,2.0962445735931396,0.053977251052856445,47.297813896056795,3.209352,-0.16540286,0.13263603,-0.11814524,-28.100475,-12.552782,0.25130743,145,-211.21305172933165,-375.0128017562131,0.7264897161874786,60,0.16619016,1.1807976,113.2358598792783,-241.95729660987854,-897.8795034885406,0.2752094,-0.016619019210338593,-0.02674189582467079,0.0,0.006546318996697664,0.010122876614332199,398.28589606285095,2.6897990703582764
0.14824533462524414,2.4136178493499756,0.05992555618286133,49.520342457147116,3.1561754,-0.16624534,0.15185313,-0.66951495,-28.649393,-12.930649,0.26071334,146,-206.3213152185902,-364.53824813712026,0.7933458875589539,62,0.15227425,1.1644795,145.31273386837424,-224.1604279279709,-1002.2890510559082,0.2741475,-0.01522741373628378,-0.0353398360311985,0.0,0.009774329140782356,0.020112422294914722,401.28911113739014,2.9986040592193604
0.1548621654510498,2.4852232933044434,0.061266183853149414,47.18639084333685,3.221527,-0.16275753,0.13936731,-0.47775626,-28.502726,-12.985907,0.25001827,147,-213.3664009195961,-375.7236013821056,0.5061269466155351,62,0.16120759,1.1749288,105.32120113576597,-222.42020931839943,-807.9299756288528,0.27523953,-0.016120757907629013,-0.027955079451203346,0.0,0.00999954342842102,0.011834321543574333,404.3917019367218,3.0936119556427
0.1642007827758789,2.465625524520874,0.054729461669921875,50.423025020095366,3.2529092,-0.14092696,0.15489654,-0.72012645,-28.903856,-13.039213,0.26296347,148,-224.32839323013366,-387.15132182078844,0.589683249086409,59,0.15552688,1.1682733,148.2437823925788,-215.22581207752228,-882.0785797834396,0.27400738,-0.015552694909274578,-0.02908867970108986,0.0,0.00974293053150177,0.013535984791815281,407.5205419063568,3.1213319301605225
0.13790202140808105,2.057969808578491,0.04961419105529785,48.173861047751444,3.1678655,-0.17738178,0.12315209,-0.59888226,-28.362772,-12.822462,0.26741657,149,-208.32086901500077,-371.1682317711413,0.6315311097779908,60,0.17786086,1.1946591,116.49637095520049,-238.5464370250702,-811.1827204227448,0.277061,-0.017786076292395592,-0.024878233671188354,0.0,0.00647742161527276,0.007092157378792763,410.0644760131836,2.5387959480285645
0.1362314224243164,2.1975338459014893,0.05161595344543457,45.749047187643285,3.3945088,-0.17596565,0.12059751,-0.6461736,-29.538141,-13.269257,0.25629747,150,-238.5259612171002,-400.83026843872227,0.7537155631038188,61,0.16408537,1.1783149,130.41517585084654,-190.73756605386734,-899.6796708106995,0.27454892,-0.01640854775905609,-0.028887398540973663,0.0,0.009910405613481998,0.012478850781917572,412.77738404273987,2.7084078788757324
0.127549409866333,1.9302401542663574,0.04714012145996094,49.052918636859694,3.7008483,-0.18038271,0.11158432,-0.25997585,-29.594885,-13.206631,0.2570833,151,-262.2937297803583,-444.71861827969553,0.8489871089775518,60,0.17969884,1.1968569,192.68328904806694,-230.20712132751942,-1061.9658648967743,0.2761076,-0.017969883978366852,-0.025960231199860573,0.0,0.0064105200581252575,0.007990347221493721,415.21097707748413,2.427567958831787
0.1304149627685547,1.9833452701568604,0.05021381378173828,47.72672669394561,3.6242328,-0.16889864,0.12545276,0.48111865,-30.544598,-13.613188,0.25504842,152,-253.74197999289274,-433.4336700237404,0.7663160129314044,59,0.15828133,1.1714957,134.06236670558897,-240.41371113061905,-854.7944433689117,0.27281225,-0.015828140079975128,-0.022107824683189392,0.0,0.009987900964915752,0.006279684603214264,417.74427223205566,2.527452230453491
0.1799619197845459,2.973146438598633,0.06699061393737793,51.0464051512532,3.9978104,-0.15792383,0.16138522,0.53572404,-30.494196,-13.693415,0.25449225,153,-276.7816761679957,-474.2976035661385,0.8186577299716622,61,0.13739741,1.147284,205.22441786518212,-259.80229222774506,-1171.6715114116669,0.2699106,-0.013739751651883125,-0.022113807499408722,0.0,0.006519485265016556,0.008374055847525597,421.34354400634766,3.594719171524048
0.14925885200500488,2.3430824279785156,0.05415964126586914,50.78177457713146,3.5844438,-0.14582588,0.15843399,0.25481254,-30.521038,-13.8498955,0.25603604,154,-241.40083921880156,-417.4142506350913,0.8272377415459766,62,0.13527429,1.1448507,171.89149151416515,-235.96929863095284,-1122.8247611522675,0.27062404,-0.01352743525058031,-0.024149972945451736,0.0,0.00647759297862649,0.010622537694871426,424.26221323013306,2.9097163677215576
0.15690946578979492,2.5054779052734375,0.060567617416381836,48.77589654331414,3.36031,-0.14082946,0.16619383,-0.15343276,-30.838362,-13.95121,0.2640858,155,-224.87148082930204,-397.69270897780854,0.8213637768147388,60,0.13367975,1.1430267,154.38748318517966,-193.2993953973055,-809.3700759410858,0.27037984,-0.013367967680096626,-0.02341609261929989,0.0,0.006475156173110008,0.010048124939203262,427.4422299861908,3.173990249633789
